Country,ISO 2 Digit,Lat,Long,Number of hunted native species,Native decreasing,Percent with decreasing native population,Native Amphibians,Decreasing Amphibians,Percentage with decreasing population trend,Native Arachnids,Decreasing Arachnids,Percentage with decreasing population trend,Native Birds,Decreasing Birds,Percentage with decreasing population trend,Native Gastropods,Decreasing Gastropods,Percentage with decreasing population trend,Native Insects,Decreasing Insects,Percentage with decreasing population trend,Native Mammals,Decreasing Mammals,Percentage with decreasing population trend,Native Reptiles,Decreasing Reptiles,Percentage with decreasing population trend,Number of hunted possibly extinct species,Possibly Extinct Decreasing,Percent with decreasing possibly extinct population,Number of hunted regionally extinct species,Regionally Extinct Decreasing,Percent with decreasing regionally extinct population,Number of hunted reintroduced species,Reintroduced decreasing,Percent with decreasing reintroduced population,Number of hunted introduced species,Introduced decreasing,Percent with decreasing introduced population,Number of hunted vagrant species,Vagrant decreasing,Percent with decreasing vagrant population,Number of hunted present origin uncertain species,Present origin uncertain decreasing,Percent with decreasing present origin uncertain population
Afghanistan,AF,33.93911,67.70995,8,8,100,0,0,,0,0,,5,5,100,0,0,,0,0,,3,3,100,0,0,,1,1,100,2,2,100,0,0,,0,0,,1,1,100,1,0,0
Albania,AL,41.15333,20.16833,3,3,100,1,1,100,0,0,,2,2,100,0,0,,0,0,,0,0,,0,0,,0,0,,0,0,,0,0,,0,0,,2,2,100,1,0,0
Algeria,DZ,28.03389,1.65963,10,8,80,0,0,,0,0,,6,6,100,0,0,,0,0,,3,2,67,1,0,0,0,0,,1,1,100,0,0,,0,0,,1,1,100,0,0,
American Samoa,AS,-14.30594,-170.69620,0,0,,0,0,,0,0,,0,0,,0,0,,0,0,,0,0,,0,0,,0,0,,0,0,,0,0,,0,0,,0,0,,2,0,0
Andorra,AD,42.50628,1.52180,1,1,100,0,0,,0,0,,1,1,100,0,0,,0,0,,0,0,,0,0,,0,0,,0,0,,0,0,,0,0,,0,0,,0,0,
Angola,AGO,-11.20269,17.87389,15,13,87,0,0,,0,0,,10,10,100,0,0,,0,0,,5,3,60,0,0,,0,0,,0,0,,0,0,,0,0,,1,1,100,0,0,
Anguilla,AI,18.22055,-63.06862,1,1,100,0,0,,0,0,,0,0,,0,0,,0,0,,0,0,,1,1,100,0,0,,0,0,,0,0,,0,0,,0,0,,2,0,0
Antarctica,AQ,-82.86275,-135.00000,0,0,,0,0,,0,0,,0,0,,0,0,,0,0,,0,0,,0,0,,0,0,,0,0,,0,0,,0,0,,2,2,100,1,0,0
Antigua and Barbuda,AG,17.06082,-61.79643,0,0,,0,0,,0,0,,0,0,,0,0,,0,0,,0,0,,0,0,,0,0,,1,1,100,0,0,,0,0,,0,0,,2,0,0
Argentina,AR,-38.41610,-63.61667,25,19,76,0,0,,0,0,,11,10,91,0,0,,0,0,,14,9,64,0,0,,2,1,50,0,0,,0,0,,0,0,,0,0,,0,0,
Armenia,AM,40.06910,45.03819,6,6,100,0,0,,0,0,,6,6,100,0,0,,0,0,,0,0,,0,0,,0,0,,1,1,100,0,0,,0,0,,0,0,,0,0,
Aruba,AW,12.52111,-69.96834,0,0,,0,0,,0,0,,0,0,,0,0,,0,0,,0,0,,0,0,,0,0,,0,0,,0,0,,0,0,,1,1,100,0,0,
Australia,AU,-25.27440,133.77514,7,6,86,0,0,,0,0,,6,5,83,0,0,,0,0,,1,1,100,0,0,,0,0,,0,0,,0,0,,1,1,100,4,4,100,0,0,
Austria,AT,47.51623,14.55007,3,3,100,0,0,,0,0,,3,3,100,0,0,,0,0,,0,0,,0,0,,0,0,,1,1,100,0,0,,0,0,,4,4,100,0,0,
Azerbaijan,AZ,40.14310,47.57693,7,7,100,0,0,,0,0,,7,7,100,0,0,,0,0,,0,0,,0,0,,0,0,,1,1,100,0,0,,0,0,,1,1,100,0,0,
Bahrain,BH,26.06670,50.55770,1,1,100,0,0,,0,0,,1,1,100,0,0,,0,0,,0,0,,0,0,,0,0,,0,0,,0,0,,0,0,,1,1,100,0,0,
Bangladesh,BD,23.68499,90.35633,17,17,100,0,0,,0,0,,8,8,100,0,0,,0,0,,9,9,100,0,0,,3,2,67,7,6,86,0,0,,0,0,,3,3,100,0,0,
Barbados,BB,13.19389,-59.54320,0,0,,0,0,,0,0,,0,0,,0,0,,0,0,,0,0,,0,0,,0,0,,1,0,0,0,0,,0,0,,1,1,100,0,0,
Belarus,BY,53.70981,27.95339,1,1,100,0,0,,0,0,,1,1,100,0,0,,0,0,,0,0,,0,0,,0,0,,2,1,50,0,0,,0,0,,2,2,100,0,0,
Belgium,BE,50.50389,4.46994,1,1,100,0,0,,0,0,,1,1,100,0,0,,0,0,,0,0,,0,0,,0,0,,0,0,,0,0,,0,0,,5,5,100,0,0,
Belize,BZ,17.18988,-88.49765,6,6,100,0,0,,0,0,,1,1,100,0,0,,0,0,,5,5,100,0,0,,0,0,,0,0,,0,0,,0,0,,0,0,,0,0,
Benin,BJ,9.30769,2.31583,5,5,100,0,0,,0,0,,4,4,100,0,0,,0,0,,1,1,100,0,0,,1,1,100,0,0,,0,0,,0,0,,0,0,,0,0,
Bermuda,BM,32.30780,-64.75050,0,0,,0,0,,0,0,,0,0,,0,0,,0,0,,0,0,,0,0,,0,0,,0,0,,0,0,,0,0,,1,1,100,0,0,
Bhutan,BT,27.51416,90.43360,15,14,93,0,0,,0,0,,2,2,100,0,0,,0,0,,13,12,92,0,0,,1,1,100,1,1,100,0,0,,0,0,,0,0,,0,0,
Bolivia,BO,-16.29015,-63.58865,19,15,79,1,1,100,0,0,,8,7,88,0,0,,0,0,,10,7,70,0,0,,0,0,,0,0,,0,0,,0,0,,0,0,,0,0,
Bonaire Sint Eustatius and Saba,AN,12.17836,-68.23853,0,0,,0,0,,0,0,,0,0,,0,0,,0,0,,0,0,,0,0,,0,0,,0,0,,0,0,,0,0,,1,1,100,1,0,0
Bosnia and Herzegovina,BA,43.91589,17.67908,2,2,100,0,0,,0,0,,1,1,100,0,0,,0,0,,1,1,100,0,0,,0,0,,0,0,,0,0,,0,0,,4,4,100,1,0,0
Botswana,BW,-22.32847,24.68487,5,4,80,0,0,,0,0,,3,3,100,0,0,,1,0,0,1,1,100,0,0,,0,0,,0,0,,1,0,0,0,0,,2,2,100,0,0,
Bouvet Island,BV,-54.42320,3.41319,0,0,,0,0,,0,0,,0,0,,0,0,,0,0,,0,0,,0,0,,0,0,,0,0,,0,0,,0,0,,0,0,,1,0,0
Brazil,BR,-14.23500,-51.92528,53,45,85,4,1,25,0,0,,26,24,92,0,0,,0,0,,23,20,87,0,0,,2,0,0,0,0,,0,0,,0,0,,0,0,,0,0,
British Indian Ocean Territory,IO,-7.33476,72.42423,0,0,,0,0,,0,0,,0,0,,0,0,,0,0,,0,0,,0,0,,0,0,,0,0,,0,0,,0,0,,0,0,,1,0,0
Brunei Darussalam,BN,4.53528,114.72767,8,7,88,0,0,,0,0,,3,3,100,0,0,,0,0,,5,4,80,0,0,,0,0,,2,2,100,0,0,,0,0,,2,2,100,0,0,
Bulgaria,BG,42.73388,25.48583,7,7,100,0,0,,0,0,,6,6,100,0,0,,0,0,,1,1,100,0,0,,0,0,,1,1,100,0,0,,0,0,,1,1,100,0,0,
Burkina Faso,BF,12.23833,-1.56159,5,5,100,0,0,,0,0,,4,4,100,0,0,,0,0,,1,1,100,0,0,,1,1,100,0,0,,0,0,,0,0,,0,0,,0,0,
Burma,MM,21.91397,95.95622,37,33,89,0,0,,0,0,,13,13,100,0,0,,0,0,,24,20,83,0,0,,4,3,75,1,0,0,0,0,,0,0,,2,2,100,0,0,
Burundi,BI,-3.37306,29.91889,7,6,86,0,0,,0,0,,5,5,100,0,0,,1,0,0,1,1,100,0,0,,0,0,,1,1,100,0,0,,0,0,,1,1,100,0,0,
Cambodia,KH,12.56568,104.99096,31,30,97,0,0,,0,0,,13,13,100,0,0,,0,0,,16,16,100,2,1,50,1,0,0,2,1,50,0,0,,0,0,,0,0,,0,0,
Cameroon,CM,7.36972,12.35472,12,11,92,1,1,100,0,0,,6,6,100,0,0,,0,0,,5,4,80,0,0,,1,1,100,2,1,50,0,0,,0,0,,1,1,100,0,0,
Canada,CA,56.13037,-106.34677,3,2,67,0,0,,0,0,,1,0,0,0,0,,0,0,,1,1,100,1,1,100,1,0,0,1,0,0,0,0,,0,0,,2,2,100,0,0,
Cape Verde,CV,15.12173,-23.60508,1,1,100,0,0,,0,0,,1,1,100,0,0,,0,0,,0,0,,0,0,,0,0,,0,0,,0,0,,0,0,,2,2,100,0,0,
Cayman Islands,KY,19.31330,-81.25460,1,0,0,0,0,,0,0,,0,0,,0,0,,0,0,,0,0,,1,0,0,0,0,,0,0,,0,0,,0,0,,1,1,100,1,0,0
Central African Republic,CF,6.61111,20.93944,8,8,100,0,0,,0,0,,5,5,100,0,0,,0,0,,3,3,100,0,0,,1,1,100,0,0,,0,0,,0,0,,0,0,,0,0,
Chad,TD,15.45417,18.73221,9,8,89,0,0,,0,0,,4,4,100,0,0,,0,0,,4,4,100,1,0,0,1,1,100,1,0,0,0,0,,0,0,,0,0,,1,0,0
Chile,CL,-35.67515,-71.54297,12,10,83,0,0,,0,0,,4,4,100,0,0,,0,0,,8,6,75,0,0,,1,0,0,0,0,,0,0,,0,0,,0,0,,0,0,
China,CN,35.86166,104.19540,72,63,88,15,12,80,0,0,,19,18,95,0,0,,0,0,,35,30,86,3,3,100,3,3,100,4,2,50,0,0,,0,0,,2,2,100,0,0,
Christmas Island,CX,-10.44753,105.69045,2,2,100,0,0,,0,0,,2,2,100,0,0,,0,0,,0,0,,0,0,,0,0,,0,0,,0,0,,0,0,,0,0,,1,0,0
Cocos Islands,CC,-12.1167,96.9000,0,0,,0,0,,0,0,,0,0,,0,0,,0,0,,0,0,,0,0,,0,0,,0,0,,0,0,,0,0,,1,1,100,1,0,0
Colombia,CO,4.57087,-74.29733,36,31,86,5,4,80,0,0,,16,15,94,0,0,,0,0,,15,12,80,0,0,,0,0,,0,0,,0,0,,0,0,,1,1,100,0,0,
Comoros,KM,-11.64550,43.33330,3,3,100,0,0,,0,0,,3,3,100,0,0,,0,0,,0,0,,0,0,,0,0,,0,0,,0,0,,0,0,,1,1,100,0,0,
Congo,CG,-0.22802,15.82766,5,5,100,0,0,,0,0,,1,1,100,0,0,,0,0,,4,4,100,0,0,,0,0,,0,0,,0,0,,0,0,,1,1,100,0,0,
Cook Islands,CK,-21.23674,-159.77767,0,0,,0,0,,0,0,,0,0,,0,0,,0,0,,0,0,,0,0,,0,0,,0,0,,0,0,,0,0,,0,0,,2,0,0
Costa Rica,CR,9.74892,-83.75343,10,10,100,3,3,100,0,0,,2,2,100,0,0,,0,0,,5,5,100,0,0,,1,1,100,0,0,,0,0,,0,0,,0,0,,0,0,
Cote d'Ivoire,CI,7.1317,-5.5230,11,9,82,0,0,,0,0,,5,4,80,0,0,,0,0,,6,5,83,0,0,,1,1,100,0,0,,0,0,,0,0,,0,0,,0,0,
Croatia,HR,45.10000,15.20000,5,5,100,0,0,,0,0,,5,5,100,0,0,,0,0,,0,0,,0,0,,0,0,,1,1,100,0,0,,0,0,,0,0,,2,0,0
Cuba,CU,21.52176,-77.78117,9,6,67,0,0,,0,0,,4,4,100,0,0,,0,0,,4,2,50,1,0,0,2,0,0,0,0,,0,0,,1,1,100,0,0,,1,0,0
Curacao,AN,12.1833,-69.0000,0,0,,0,0,,0,0,,0,0,,0,0,,0,0,,0,0,,0,0,,0,0,,0,0,,0,0,,0,0,,1,1,100,1,0,0
Cyprus,CY,35.12641,33.42986,3,3,100,0,0,,0,0,,3,3,100,0,0,,0,0,,0,0,,0,0,,0,0,,0,0,,0,0,,0,0,,3,3,100,0,0,
Czech Republic,CZ,49.81749,15.47296,2,2,100,0,0,,0,0,,2,2,100,0,0,,0,0,,0,0,,0,0,,0,0,,1,1,100,0,0,,0,0,,2,2,100,1,0,0
Democratic Republic of the Congo,CD,-4.03833,21.75866,13,10,77,0,0,,0,0,,6,6,100,0,0,,1,0,0,6,4,67,0,0,,1,1,100,1,1,100,0,0,,0,0,,2,2,100,0,0,
Denmark,CK,56.26392,9.50178,1,1,100,0,0,,0,0,,1,1,100,0,0,,0,0,,0,0,,0,0,,0,0,,0,0,,0,0,,0,0,,6,6,100,0,0,
Djibouti,DJ,11.82514,42.59027,4,4,100,0,0,,0,0,,4,4,100,0,0,,0,0,,0,0,,0,0,,0,0,,1,0,0,0,0,,0,0,,1,1,100,0,0,
Dominica,DM,15.41500,-61.37098,3,2,67,1,1,100,0,0,,1,0,0,0,0,,0,0,,0,0,,1,1,100,0,0,,0,0,,0,0,,0,0,,0,0,,1,0,0
Dominican Republic,DO,18.73569,-70.16265,5,5,100,0,0,,0,0,,3,3,100,0,0,,0,0,,2,2,100,0,0,,0,0,,0,0,,0,0,,0,0,,0,0,,1,0,0
Ecuador,EC,-1.83124,-78.18341,16,13,81,0,0,,0,0,,8,8,100,0,0,,0,0,,7,5,71,1,0,0,3,3,100,1,1,100,0,0,,0,0,,0,0,,1,0,0
Egypt,EG,26.82055,30.80250,3,3,100,0,0,,0,0,,2,2,100,0,0,,0,0,,1,1,100,0,0,,0,0,,2,2,100,0,0,,0,0,,6,6,100,1,0,0
El Salvador,SV,13.79419,-88.89653,3,3,100,0,0,,0,0,,0,0,,0,0,,0,0,,3,3,100,0,0,,0,0,,1,1,100,0,0,,0,0,,0,0,,0,0,
Equatorial Guinea,GQ,1.65080,10.26789,6,5,83,1,1,100,0,0,,0,0,,0,0,,0,0,,5,4,80,0,0,,0,0,,0,0,,0,0,,0,0,,0,0,,0,0,
Eritrea,ER,15.17938,39.78233,7,7,100,0,0,,0,0,,6,6,100,0,0,,0,0,,1,1,100,0,0,,1,1,100,1,1,100,0,0,,0,0,,0,0,,0,0,
Estonia,EE,58.59527,25.01361,1,1,100,0,0,,0,0,,1,1,100,0,0,,0,0,,0,0,,0,0,,0,0,,1,1,100,0,0,,0,0,,1,1,100,0,0,
Ethiopia,ET,9.14500,40.48967,13,11,85,0,0,,0,0,,5,5,100,0,0,,0,0,,8,6,75,0,0,,3,2,67,1,1,100,0,0,,0,0,,0,0,,0,0,
Falkland Islands (Islas Malvinas),FK,-51.79625,-59.52361,2,2,100,0,0,,0,0,,2,2,100,0,0,,0,0,,0,0,,0,0,,0,0,,0,0,,0,0,,0,0,,2,2,100,0,0,
Faroe Islands,FO,61.89263,-6.91181,0,0,,0,0,,0,0,,0,0,,0,0,,0,0,,0,0,,0,0,,0,0,,0,0,,0,0,,0,0,,1,1,100,1,0,0
Fiji,FJ,-17.71337,178.06503,2,2,100,0,0,,0,0,,1,1,100,0,0,,0,0,,1,1,100,0,0,,0,0,,0,0,,0,0,,0,0,,1,1,100,0,0,
Finland,FI,61.92411,25.74815,1,1,100,0,0,,0,0,,1,1,100,0,0,,0,0,,0,0,,0,0,,0,0,,1,1,100,0,0,,0,0,,4,4,100,0,0,
France,FR,46.22764,2.21375,5,4,80,0,0,,0,0,,3,3,100,0,0,,0,0,,2,1,50,0,0,,0,0,,0,0,,0,0,,0,0,,5,5,100,0,0,
French Guiana,GF,3.93389,-53.12578,3,2,67,0,0,,0,0,,0,0,,0,0,,0,0,,3,2,67,0,0,,0,0,,0,0,,0,0,,0,0,,0,0,,1,0,0
French Polynesia,PF,-17.67974,-149.40684,6,4,67,0,0,,0,0,,6,4,67,0,0,,0,0,,0,0,,0,0,,0,0,,0,0,,0,0,,0,0,,0,0,,0,0,
French Southern and Antarctic Lands,TF,-49.28037,69.34856,2,2,100,0,0,,0,0,,2,2,100,0,0,,0,0,,0,0,,0,0,,0,0,,0,0,,0,0,,0,0,,0,0,,0,0,
Gabon,FA,-0.80369,11.60944,4,4,100,0,0,,0,0,,1,1,100,0,0,,0,0,,3,3,100,0,0,,0,0,,1,1,100,0,0,,0,0,,1,1,100,0,0,
Georgia,GE,42.1902,43.2781,6,6,100,0,0,,0,0,,5,5,100,0,0,,0,0,,1,1,100,0,0,,0,0,,2,2,100,0,0,,0,0,,1,1,100,0,0,
Germany,DE,51.16569,10.45153,1,1,100,0,0,,0,0,,1,1,100,0,0,,0,0,,0,0,,0,0,,1,1,100,2,1,50,0,0,,0,0,,6,6,100,0,0,
Ghana,GH,7.94653,-1.02319,8,7,88,0,0,,0,0,,4,4,100,0,0,,0,0,,4,3,75,0,0,,0,0,,1,1,100,0,0,,0,0,,0,0,,0,0,
Gibraltar,GI,36.1430,-5.3530,2,2,100,0,0,,0,0,,2,2,100,0,0,,0,0,,0,0,,0,0,,0,0,,0,0,,0,0,,1,1,100,0,0,,0,0,
Greece,GR,39.07421,21.82431,7,6,86,0,0,,0,0,,5,5,100,0,0,,0,0,,1,1,100,1,0,0,0,0,,0,0,,0,0,,0,0,,2,2,100,1,0,0
Greenland,GL,71.70694,-42.60430,0,0,,0,0,,0,0,,0,0,,0,0,,0,0,,0,0,,0,0,,0,0,,0,0,,0,0,,0,0,,2,2,100,0,0,
Grenada,GD,12.11650,-61.67900,0,0,,0,0,,0,0,,0,0,,0,0,,0,0,,0,0,,0,0,,0,0,,0,0,,0,0,,0,0,,0,0,,1,0,0
Guadeloupe,GP,16.26500,-61.55100,1,1,100,0,0,,0,0,,0,0,,0,0,,0,0,,0,0,,1,1,100,0,0,,1,1,100,0,0,,0,0,,0,0,,1,0,0
Guam,GU,13.44430,144.79373,2,2,100,0,0,,0,0,,1,1,100,0,0,,0,0,,1,1,100,0,0,,0,0,,2,2,100,0,0,,0,0,,0,0,,1,0,0
Guatemala,GT,15.78347,-90.23076,9,9,100,0,0,,0,0,,2,2,100,0,0,,0,0,,6,6,100,1,1,100,0,0,,0,0,,0,0,,0,0,,0,0,,0,0,
Guinea-Bissau,GW,11.80375,-15.18041,6,6,100,0,0,,0,0,,4,4,100,0,0,,0,0,,2,2,100,0,0,,1,1,100,0,0,,0,0,,0,0,,0,0,,0,0,
Guinea,GN,9.94559,-9.69665,11,10,91,0,0,,0,0,,5,4,80,0,0,,0,0,,6,6,100,0,0,,0,0,,0,0,,0,0,,0,0,,0,0,,0,0,
Guyana,GY,4.86042,-58.93018,5,4,80,0,0,,0,0,,2,2,100,0,0,,0,0,,3,2,67,0,0,,0,0,,0,0,,0,0,,0,0,,0,0,,1,0,0
Haiti,HT,18.97119,-72.28521,3,3,100,0,0,,0,0,,1,1,100,0,0,,0,0,,2,2,100,0,0,,1,1,100,1,1,100,0,0,,0,0,,0,0,,1,0,0
Heard Island and McDonald Islands,HM,-53.08181,73.50416,2,2,100,0,0,,0,0,,2,2,100,0,0,,0,0,,0,0,,0,0,,0,0,,0,0,,0,0,,0,0,,0,0,,0,0,
Honduras,HN,15.20000,-86.24191,12,11,92,2,2,100,0,0,,1,1,100,0,0,,0,0,,5,5,100,4,3,75,0,0,,0,0,,0,0,,0,0,,0,0,,2,0,0
Hong Kong,,22.39643,114.10950,6,6,100,0,0,,0,0,,5,5,100,0,0,,0,0,,1,1,100,0,0,,0,0,,0,0,,0,0,,0,0,,1,1,100,0,0,
Hungary,HU,47.16249,19.50330,4,4,100,0,0,,0,0,,3,3,100,0,0,,0,0,,1,1,100,0,0,,0,0,,2,2,100,0,0,,0,0,,3,3,100,0,0,
Iceland,IS,64.96305,-19.02084,0,0,,0,0,,0,0,,0,0,,0,0,,0,0,,0,0,,0,0,,0,0,,0,0,,0,0,,0,0,,1,1,100,0,0,
India,IN,20.59368,78.96288,59,52,88,0,0,,7,5,71,20,19,95,0,0,,0,0,,32,28,88,0,0,,3,1,33,4,3,75,0,0,,0,0,,3,3,100,0,0,
Indonesia,ID,-0.78927,113.92133,91,79,87,1,0,0,0,0,,27,27,100,0,0,,0,0,,61,51,84,2,1,50,2,0,0,1,1,100,0,0,,0,0,,0,0,,0,0,
Iran,IR,32.42791,53.68805,14,13,93,2,2,100,0,0,,9,9,100,0,0,,0,0,,2,1,50,1,1,100,0,0,,1,1,100,0,0,,0,0,,0,0,,0,0,
Iraq,IQ,33.22319,43.67929,6,6,100,0,0,,0,0,,6,6,100,0,0,,0,0,,0,0,,0,0,,1,1,100,2,1,50,0,0,,0,0,,0,0,,0,0,
Ireland,IE,53.41291,-8.24389,2,2,100,0,0,,0,0,,2,2,100,0,0,,0,0,,0,0,,0,0,,0,0,,0,0,,0,0,,0,0,,2,2,100,0,0,
Israel,IL,31.04605,34.85161,4,4,100,0,0,,0,0,,4,4,100,0,0,,0,0,,0,0,,0,0,,0,0,,1,1,100,2,1,50,0,0,,5,5,100,0,0,
Italy,IT,41.87194,12.56738,12,6,50,1,1,100,0,0,,4,4,100,4,1,25,0,0,,2,0,0,1,0,0,0,0,,0,0,,0,0,,0,0,,4,4,100,0,0,
Jamaica,JM,18.1315,-77.2736,0,0,,0,0,,0,0,,0,0,,0,0,,0,0,,0,0,,0,0,,1,0,0,0,0,,0,0,,0,0,,1,1,100,0,0,
Japan,JP,36.20482,138.25292,17,16,94,6,6,100,0,0,,7,7,100,0,0,,0,0,,3,3,100,1,0,0,0,0,,1,0,0,0,0,,0,0,,3,3,100,1,0,0
Jordan,JO,30.58516,36.23841,5,5,100,0,0,,0,0,,5,5,100,0,0,,0,0,,0,0,,0,0,,0,0,,2,1,50,0,0,,0,0,,2,2,100,0,0,
Kazakhstan,KZ,48.01957,66.92368,12,12,100,1,1,100,0,0,,8,8,100,0,0,,0,0,,3,3,100,0,0,,0,0,,4,3,75,1,1,100,0,0,,0,0,,0,0,
Kenya,KE,-0.02356,37.90619,14,12,86,0,0,,0,0,,7,7,100,0,0,,0,0,,7,5,71,0,0,,0,0,,0,0,,0,0,,0,0,,0,0,,0,0,
Kiribati,KI,1.86686,-157.35992,4,4,100,0,0,,0,0,,4,4,100,0,0,,0,0,,0,0,,0,0,,0,0,,0,0,,0,0,,0,0,,0,0,,0,0,
Kuwait,KW,29.31166,47.48177,2,2,100,0,0,,0,0,,2,2,100,0,0,,0,0,,0,0,,0,0,,0,0,,1,1,100,0,0,,0,0,,2,2,100,0,0,
Kyrgyzstan,KG,41.20438,74.76610,6,6,100,0,0,,0,0,,4,4,100,0,0,,0,0,,2,2,100,0,0,,0,0,,2,2,100,0,0,,0,0,,1,1,100,1,0,0
Laos,LA,19.85627,102.49550,38,35,92,1,0,0,0,0,,9,9,100,0,0,,0,0,,27,25,93,1,1,100,2,1,50,3,2,67,0,0,,0,0,,0,0,,0,0,
Latvia,LV,56.87964,24.60319,1,1,100,0,0,,0,0,,1,1,100,0,0,,0,0,,0,0,,0,0,,0,0,,1,1,100,0,0,,0,0,,1,1,100,0,0,
Lebanon,LB,33.9270,35.6951,3,3,100,0,0,,0,0,,3,3,100,0,0,,0,0,,0,0,,0,0,,0,0,,2,1,50,0,0,,0,0,,1,1,100,0,0,
Lesotho,LS,-29.60999,28.23361,1,1,100,0,0,,0,0,,1,1,100,0,0,,0,0,,0,0,,0,0,,0,0,,0,0,,0,0,,0,0,,2,2,100,0,0,
Liberia,LR,6.42805,-9.42950,7,6,86,0,0,,0,0,,1,1,100,0,0,,0,0,,6,5,83,0,0,,0,0,,0,0,,0,0,,0,0,,1,1,100,0,0,
Libya,LY,26.33510,17.22833,4,3,75,0,0,,0,0,,2,2,100,0,0,,0,0,,1,1,100,1,0,0,0,0,,2,2,100,0,0,,0,0,,1,1,100,2,0,0
Lithuania,LT,55.16944,23.88127,1,1,100,0,0,,0,0,,1,1,100,0,0,,0,0,,0,0,,0,0,,0,0,,2,1,50,0,0,,0,0,,0,0,,0,0,
Luxembourg,LU,49.81527,6.12958,0,0,,0,0,,0,0,,0,0,,0,0,,0,0,,0,0,,0,0,,0,0,,0,0,,0,0,,0,0,,2,2,100,0,0,
Macedonia (FYROM),MK,41.60863,21.74527,4,4,100,0,0,,0,0,,3,3,100,0,0,,0,0,,1,1,100,0,0,,0,0,,0,0,,0,0,,0,0,,1,1,100,1,0,0
Madagascar,MG,-18.76695,46.86911,63,51,81,11,11,100,0,0,,8,8,100,0,0,,0,0,,26,19,73,18,13,72,0,0,,0,0,,0,0,,0,0,,0,0,,0,0,
Malawi,MW,-13.25431,34.30152,5,5,100,0,0,,0,0,,4,4,100,0,0,,0,0,,1,1,100,0,0,,0,0,,0,0,,1,0,0,0,0,,0,0,,0,0,
Malaysia,MY,4.21048,101.97577,27,23,85,1,0,0,0,0,,7,7,100,0,0,,0,0,,18,16,89,1,0,0,2,2,100,4,3,75,0,0,,0,0,,0,0,,0,0,
Maldives,MV,1.97725,73.53610,0,0,,0,0,,0,0,,0,0,,0,0,,0,0,,0,0,,0,0,,0,0,,0,0,,0,0,,0,0,,1,1,100,0,0,
Mali,ML,17.57069,-3.99617,9,8,89,0,0,,0,0,,5,5,100,0,0,,0,0,,3,3,100,1,0,0,1,1,100,0,0,,0,0,,0,0,,2,1,50,0,0,
Malta,MT,35.93750,14.37542,2,2,100,0,0,,0,0,,2,2,100,0,0,,0,0,,0,0,,0,0,,0,0,,0,0,,0,0,,0,0,,3,3,100,1,0,0
Martinique,MQ,14.64153,-61.02417,1,1,100,0,0,,0,0,,0,0,,0,0,,0,0,,0,0,,1,1,100,0,0,,1,1,100,0,0,,0,0,,0,0,,1,0,0
Mauritania,MR,21.00789,-10.94083,8,7,88,0,0,,0,0,,6,6,100,0,0,,0,0,,1,1,100,1,0,0,0,0,,2,2,100,0,0,,0,0,,0,0,,0,0,
Mauritius,MU,-20.34840,57.55215,2,1,50,0,0,,0,0,,0,0,,0,0,,0,0,,2,1,50,0,0,,0,0,,2,2,100,0,0,,0,0,,3,3,100,0,0,
Mayotte,YT,-12.82750,45.16624,1,1,100,0,0,,0,0,,1,1,100,0,0,,0,0,,0,0,,0,0,,0,0,,0,0,,0,0,,0,0,,1,1,100,0,0,
Mexico,MX,19.0000,-99.0000,23,21,91,2,2,100,0,0,,6,6,100,0,0,,0,0,,14,12,86,1,1,100,2,0,0,2,0,0,2,0,0,0,0,,0,0,,1,0,0
Micronesia,FM,6.88746,158.21507,3,2,67,0,0,,0,0,,1,1,100,0,0,,0,0,,2,1,50,0,0,,0,0,,0,0,,0,0,,0,0,,0,0,,0,0,
Moldova,MD,47.41163,28.36989,4,4,100,0,0,,0,0,,3,3,100,0,0,,0,0,,1,1,100,0,0,,0,0,,2,2,100,0,0,,0,0,,0,0,,0,0,
Monaco,MC,43.7328,7.4197,0,0,,0,0,,0,0,,0,0,,0,0,,0,0,,0,0,,0,0,,0,0,,0,0,,0,0,,0,0,,0,0,,1,0,0
Mongolia,MN,46.86250,103.84666,10,10,100,0,0,,0,0,,4,4,100,0,0,,0,0,,6,6,100,0,0,,0,0,,0,0,,1,0,0,0,0,,3,3,100,0,0,
Montenegro,ME,42.70868,19.37439,7,7,100,1,1,100,0,0,,5,5,100,0,0,,0,0,,1,1,100,0,0,,0,0,,1,1,100,0,0,,0,0,,1,1,100,2,0,0
Montserrat,MS,16.74250,-62.18737,1,1,100,1,1,100,0,0,,0,0,,0,0,,0,0,,0,0,,0,0,,0,0,,0,0,,0,0,,0,0,,0,0,,2,0,0
Morocco,MA,31.79170,-7.09262,7,6,86,0,0,,0,0,,5,5,100,0,0,,0,0,,2,1,50,0,0,,0,0,,1,1,100,1,1,100,0,0,,4,4,100,0,0,
Mozambique,MZ,-18.66569,35.52956,9,8,89,0,0,,0,0,,6,6,100,0,0,,0,0,,3,2,67,0,0,,0,0,,0,0,,0,0,,0,0,,2,2,100,0,0,
Namibia,NA,-22.95764,18.49041,12,10,83,0,0,,0,0,,9,9,100,0,0,,1,0,0,2,1,50,0,0,,0,0,,0,0,,0,0,,0,0,,0,0,,0,0,
Nepal,NP,28.39486,84.12401,23,22,96,0,0,,0,0,,9,9,100,0,0,,0,0,,14,13,93,0,0,,0,0,,4,3,75,0,0,,0,0,,0,0,,0,0,
New Caledonia,NC,-20.90431,165.61804,4,1,25,0,0,,0,0,,1,0,0,0,0,,0,0,,0,0,,3,1,33,0,0,,1,1,100,0,0,,0,0,,0,0,,0,0,
New Zealand,NZ,-40.90056,174.88597,11,5,45,0,0,,0,0,,9,4,44,0,0,,0,0,,0,0,,2,1,50,0,0,,1,1,100,0,0,,0,0,,2,2,100,0,0,
Nicaragua,NI,12.86542,-85.20723,5,5,100,0,0,,0,0,,1,1,100,0,0,,0,0,,4,4,100,0,0,,0,0,,0,0,,0,0,,0,0,,1,1,100,1,0,0
Niger,NE,17.60779,8.08167,9,8,89,0,0,,0,0,,4,4,100,0,0,,0,0,,4,4,100,1,0,0,0,0,,0,0,,0,0,,0,0,,0,0,,1,0,0
Nigeria,NG,9.08200,8.67528,10,9,90,0,0,,0,0,,4,4,100,0,0,,0,0,,6,5,83,0,0,,1,1,100,2,2,100,0,0,,0,0,,0,0,,0,0,
Niue,NU,-19.05445,-169.86723,0,0,,0,0,,0,0,,0,0,,0,0,,0,0,,0,0,,0,0,,0,0,,0,0,,0,0,,0,0,,0,0,,2,0,0
North Korea,KP,40.33985,127.51009,5,5,100,0,0,,0,0,,5,5,100,0,0,,0,0,,0,0,,0,0,,1,1,100,1,0,0,0,0,,0,0,,0,0,,0,0,
Northern Mariana Islands,MP,15.09790,145.67390,4,4,100,0,0,,0,0,,3,3,100,0,0,,0,0,,1,1,100,0,0,,0,0,,0,0,,0,0,,0,0,,0,0,,0,0,
Norway,NO,60.47202,8.46895,1,1,100,0,0,,0,0,,1,1,100,0,0,,0,0,,0,0,,0,0,,0,0,,0,0,,0,0,,0,0,,3,3,100,0,0,
Oman,OM,21.51258,55.92325,4,4,100,0,0,,0,0,,3,3,100,0,0,,0,0,,1,1,100,0,0,,0,0,,0,0,,0,0,,0,0,,0,0,,0,0,
Pakistan,PK,30.37532,69.34512,12,12,100,0,0,,0,0,,8,8,100,0,0,,0,0,,4,4,100,0,0,,2,2,100,3,3,100,0,0,,0,0,,2,2,100,0,0,
Palau,PW,7.51498,134.58252,1,1,100,0,0,,0,0,,1,1,100,0,0,,0,0,,0,0,,0,0,,0,0,,0,0,,0,0,,0,0,,1,1,100,0,0,
Panama,PA,8.53798,-80.78213,13,9,69,5,2,40,0,0,,1,1,100,0,0,,0,0,,7,6,86,0,0,,0,0,,0,0,,0,0,,0,0,,2,2,100,0,0,
Papua New Guinea,PG,-6.31499,143.95555,22,18,82,1,0,0,0,0,,1,1,100,0,0,,0,0,,20,17,85,0,0,,1,0,0,0,0,,0,0,,0,0,,0,0,,0,0,
Paraguay,PY,-23.44250,-58.44383,15,11,73,0,0,,0,0,,7,6,86,0,0,,0,0,,8,5,63,0,0,,1,0,0,0,0,,0,0,,0,0,,0,0,,0,0,
Peru,PE,-9.18997,-75.01515,27,21,78,6,3,50,0,0,,8,8,100,0,0,,0,0,,13,10,77,0,0,,0,0,,1,1,100,0,0,,0,0,,0,0,,0,0,
Philippines,PH,12.87972,121.77402,35,28,80,0,0,,0,0,,20,17,85,0,0,,0,0,,12,10,83,3,1,33,1,0,0,0,0,,0,0,,0,0,,1,1,100,0,0,
Pitcairn Islands,PN,-24.37649,-128.32437,1,1,100,0,0,,0,0,,1,1,100,0,0,,0,0,,0,0,,0,0,,0,0,,0,0,,0,0,,0,0,,0,0,,1,0,0
Poland,PL,51.91944,19.14514,2,2,100,0,0,,0,0,,2,2,100,0,0,,0,0,,0,0,,0,0,,0,0,,3,2,67,0,0,,0,0,,6,6,100,0,0,
Portugal,PT,39.39987,-8.22445,7,5,71,0,0,,0,0,,5,3,60,0,0,,0,0,,2,2,100,0,0,,0,0,,0,0,,0,0,,0,0,,5,5,100,0,0,
Puerto Rico,PR,18.22083,-66.59015,1,0,0,0,0,,0,0,,1,0,0,0,0,,0,0,,0,0,,0,0,,0,0,,0,0,,0,0,,2,2,100,1,1,100,1,0,0
Qatar,QA,25.35483,51.18388,1,1,100,0,0,,0,0,,1,1,100,0,0,,0,0,,0,0,,0,0,,0,0,,0,0,,0,0,,0,0,,1,1,100,1,0,0
Reunion,RE,-21.1144,55.5325,6,6,100,0,0,,0,0,,5,5,100,0,0,,0,0,,1,1,100,0,0,,0,0,,0,0,,0,0,,0,0,,1,1,100,0,0,
Romania,RO,45.94316,24.96676,8,8,100,0,0,,0,0,,6,6,100,0,0,,0,0,,2,2,100,0,0,,0,0,,0,0,,0,0,,0,0,,1,1,100,0,0,
Russian Federation,RU,61.52401,105.31876,33,33,100,0,0,,0,0,,25,25,100,0,0,,0,0,,8,8,100,0,0,,2,1,50,2,1,50,0,0,,0,0,,2,2,100,0,0,
Rwanda,RW,-1.94028,29.87389,9,8,89,0,0,,0,0,,5,5,100,0,0,,1,0,0,3,3,100,0,0,,0,0,,2,1,50,0,0,,0,0,,0,0,,0,0,
Saint Barthelemy,,17.9000,-62.8333,1,1,100,0,0,,0,0,,0,0,,0,0,,0,0,,0,0,,1,1,100,0,0,,0,0,,0,0,,0,0,,0,0,,0,0,
Saint Helena,SH,-15.9500,-5.7000,6,5,83,0,0,,0,0,,6,5,83,0,0,,0,0,,0,0,,0,0,,0,0,,0,0,,0,0,,0,0,,0,0,,0,0,
Saint Kitts and Nevis,KN,17.35782,-62.78300,0,0,,0,0,,0,0,,0,0,,0,0,,0,0,,0,0,,0,0,,0,0,,2,2,100,0,0,,0,0,,0,0,,2,0,0
Saint Lucia,LC,13.90944,-60.97889,0,0,,0,0,,0,0,,0,0,,0,0,,0,0,,0,0,,0,0,,0,0,,0,0,,0,0,,0,0,,0,0,,1,0,0
Saint Martin,,18.08255,-63.05225,0,0,,0,0,,0,0,,0,0,,0,0,,0,0,,0,0,,0,0,,0,0,,1,1,100,0,0,,0,0,,0,0,,2,0,0
Saint Vincent and the Grenadines,VC,13.25338,-61.19625,1,0,0,0,0,,0,0,,0,0,,0,0,,0,0,,0,0,,1,0,0,0,0,,0,0,,0,0,,0,0,,0,0,,1,0,0
Samoa,WS,-13.75903,-172.10463,1,1,100,0,0,,0,0,,1,1,100,0,0,,0,0,,0,0,,0,0,,1,0,0,0,0,,0,0,,0,0,,0,0,,2,0,0
Sao Tome and Principe,ST,0.3176,6.6688,3,3,100,0,0,,0,0,,3,3,100,0,0,,0,0,,0,0,,0,0,,0,0,,0,0,,0,0,,0,0,,0,0,,0,0,
Saudi Arabia,SA,23.88594,45.07916,6,5,83,0,0,,0,0,,5,5,100,0,0,,0,0,,0,0,,1,0,0,0,0,,0,0,,1,1,100,0,0,,1,1,100,1,0,0
Senegal,SN,14.49740,-14.45236,7,7,100,0,0,,0,0,,4,4,100,0,0,,0,0,,3,3,100,0,0,,0,0,,1,1,100,1,1,100,0,0,,1,1,100,0,0,
Serbia,RS,44.01652,21.00586,6,6,100,0,0,,0,0,,5,5,100,0,0,,0,0,,1,1,100,0,0,,0,0,,1,1,100,0,0,,0,0,,1,1,100,1,0,0
Seychelles,SC,-4.67957,55.49198,4,2,50,0,0,,0,0,,3,2,67,1,0,0,0,0,,0,0,,0,0,,1,0,0,1,1,100,0,0,,0,0,,1,1,100,0,0,
Sierra Leone,SL,8.46055,-11.77989,8,7,88,0,0,,0,0,,3,2,67,0,0,,0,0,,5,5,100,0,0,,0,0,,1,1,100,0,0,,0,0,,1,1,100,0,0,
Singapore,SG,1.35208,103.81984,5,5,100,0,0,,0,0,,4,4,100,0,0,,0,0,,1,1,100,0,0,,0,0,,1,1,100,0,0,,2,2,100,0,0,,0,0,
Sint Maarten,AN,18.030,-63.0500,0,0,,0,0,,0,0,,0,0,,0,0,,0,0,,0,0,,0,0,,0,0,,0,0,,0,0,,0,0,,1,0,0,1,0,0
Slovakia,SK,48.66903,19.69902,2,2,100,0,0,,0,0,,2,2,100,0,0,,0,0,,0,0,,0,0,,0,0,,1,1,100,0,0,,0,0,,4,0,0,0,0,
Slovenia,SI,46.15124,14.99546,1,1,100,0,0,,0,0,,1,1,100,0,0,,0,0,,0,0,,0,0,,0,0,,0,0,,0,0,,0,0,,3,0,0,1,0,0
Solomon Islands,SB,-9.64571,160.15619,12,11,92,0,0,,0,0,,3,2,67,0,0,,0,0,,9,9,100,0,0,,1,0,0,0,0,,0,0,,0,0,,0,0,,1,0,0
Somalia,SO,5.15215,46.19962,9,9,100,0,0,,0,0,,5,5,100,0,0,,0,0,,4,4,100,0,0,,0,0,,1,0,0,0,0,,0,0,,3,0,0,0,0,
South Africa,ZA,-30.55948,22.93751,15,13,87,0,0,,0,0,,11,11,100,0,0,,0,0,,3,2,67,1,0,0,0,0,,0,0,,0,0,,0,0,,1,0,0,0,0,
South Georgia and the South Sandwich Islands,GS,-54.42958,-36.58791,1,1,100,0,0,,0,0,,1,1,100,0,0,,0,0,,0,0,,0,0,,0,0,,0,0,,0,0,,0,0,,2,0,0,0,0,
South Korea,KR,35.90776,127.76692,6,6,100,0,0,,0,0,,6,6,100,0,0,,0,0,,0,0,,0,0,,0,0,,1,0,0,0,0,,0,0,,2,0,0,0,0,
South Sudan,,7.96309,30.15893,5,5,100,0,0,,0,0,,5,5,100,0,0,,0,0,,0,0,,0,0,,0,0,,0,0,,0,0,,0,0,,0,0,,0,0,
Spain,ES,40.46367,-3.74922,15,12,80,0,0,,0,0,,6,6,100,4,1,25,0,0,,4,4,100,1,1,100,0,0,,0,0,,0,0,,0,0,,5,0,0,0,0,
Sri Lanka,LK,7.87305,80.77180,8,8,100,0,0,,0,0,,3,3,100,0,0,,0,0,,5,5,100,0,0,,0,0,,1,1,100,0,0,,1,1,100,2,0,0,1,0,0
Sudan,SD,12.86281,30.21764,11,10,91,0,0,,0,0,,6,6,100,0,0,,0,0,,4,4,100,1,0,0,0,0,,2,2,100,0,0,,0,0,,0,0,,0,0,
Suriname,SR,3.91931,-56.02778,3,2,67,0,0,,0,0,,0,0,,0,0,,0,0,,3,2,67,0,0,,0,0,,0,0,,0,0,,0,0,,0,0,,1,0,0
Svalbard and Jan Mayen,SJ,77.55360,23.67027,0,0,,0,0,,0,0,,0,0,,0,0,,0,0,,0,0,,0,0,,0,0,,0,0,,0,0,,0,0,,3,0,0,0,0,
Swaziland,SZ,-26.52250,31.46587,3,3,100,0,0,,0,0,,3,3,100,0,0,,0,0,,0,0,,0,0,,0,0,,1,1,100,1,0,0,0,0,,0,0,,0,0,
Sweden,SE,60.12816,18.64350,1,1,100,0,0,,0,0,,1,1,100,0,0,,0,0,,0,0,,0,0,,0,0,,0,0,,0,0,,0,0,,5,0,0,0,0,
Switzerland,CH,46.81819,8.22751,2,1,50,0,0,,0,0,,1,1,100,0,0,,0,0,,1,0,0,0,0,,0,0,,1,1,100,0,0,,0,0,,4,0,0,0,0,
Syria,SY,34.80208,38.99681,5,5,100,0,0,,0,0,,5,5,100,0,0,,0,0,,0,0,,0,0,,0,0,,2,1,50,0,0,,0,0,,0,0,,1,0,0
Taiwan,,23.69781,120.96052,8,7,88,0,0,,0,0,,6,6,100,0,0,,0,0,,2,1,50,0,0,,0,0,,2,1,50,0,0,,0,0,,1,0,0,0,0,
Tajikistan,TJ,38.86103,71.27609,7,7,100,0,0,,0,0,,4,4,100,0,0,,0,0,,3,3,100,0,0,,0,0,,2,2,100,0,0,,0,0,,1,0,0,1,0,0
Tanzania,TZ,-6.36903,34.88882,18,15,83,0,0,,0,0,,7,6,86,0,0,,0,0,,9,8,89,2,1,50,0,0,,0,0,,0,0,,0,0,,1,0,0,0,0,
Thailand,TH,15.87003,100.99254,45,37,82,2,0,0,0,0,,15,15,100,0,0,,0,0,,25,21,84,3,1,33,2,1,50,5,4,80,1,1,100,0,0,,0,0,,0,0,
The Bahamas,BS,25.03428,-77.39628,1,1,100,0,0,,0,0,,1,1,100,0,0,,0,0,,0,0,,0,0,,0,0,,0,0,,0,0,,0,0,,0,0,,1,0,0
The Gambia,GM,13.44318,-15.31014,5,5,100,0,0,,0,0,,4,4,100,0,0,,0,0,,1,1,100,0,0,,0,0,,2,2,100,0,0,,0,0,,0,0,,0,0,
The Netherlands,NL,52.13263,5.29127,1,1,100,0,0,,0,0,,1,1,100,0,0,,0,0,,0,0,,0,0,,0,0,,1,1,100,0,0,,0,0,,5,0,0,0,0,
Timor-Leste,TL,-8.87422,125.72754,5,5,100,0,0,,0,0,,5,5,100,0,0,,0,0,,0,0,,0,0,,0,0,,0,0,,0,0,,0,0,,0,0,,0,0,
Togo,TG,8.61954,0.82478,4,4,100,0,0,,0,0,,4,4,100,0,0,,0,0,,0,0,,0,0,,2,2,100,0,0,,0,0,,0,0,,0,0,,0,0,
Tokelau,TK,-9.20020,-171.84840,0,0,,0,0,,0,0,,0,0,,0,0,,0,0,,0,0,,0,0,,0,0,,0,0,,0,0,,0,0,,0,0,,2,0,0
Tonga,TO,-21.17899,-175.19824,1,1,100,0,0,,0,0,,1,1,100,0,0,,0,0,,0,0,,0,0,,0,0,,1,1,100,0,0,,0,0,,0,0,,1,0,0
Trinidad and Tobago,TT,10.69180,-61.22250,3,2,67,1,1,100,0,0,,1,1,100,0,0,,0,0,,1,0,0,0,0,,1,1,100,0,0,,0,0,,0,0,,0,0,,1,0,0
Tunisia,TN,33.88692,9.53750,7,5,71,0,0,,0,0,,4,4,100,0,0,,0,0,,2,1,50,1,0,0,0,0,,2,2,100,1,1,100,0,0,,1,0,0,0,0,
Turkey,TR,38.96375,35.24332,15,12,80,6,4,67,0,0,,7,7,100,0,0,,0,0,,2,1,50,0,0,,0,0,,3,2,67,1,1,100,0,0,,0,0,,0,0,
Turkmenistan,TM,38.96972,59.55628,6,6,100,0,0,,0,0,,4,4,100,0,0,,0,0,,2,2,100,0,0,,1,1,100,2,2,100,0,0,,0,0,,0,0,,1,0,0
Turks and Caicos Islands,TC,21.69402,-71.79793,0,0,,0,0,,0,0,,0,0,,0,0,,0,0,,0,0,,0,0,,0,0,,0,0,,0,0,,0,0,,1,0,0,2,0,0
Tuvalu,TV,-10.72807,179.47266,0,0,,0,0,,0,0,,0,0,,0,0,,0,0,,0,0,,0,0,,0,0,,0,0,,0,0,,0,0,,0,0,,2,0,0
Uganda,UG,1.37333,32.29028,10,9,90,1,0,0,0,0,,7,7,100,0,0,,0,0,,2,2,100,0,0,,1,1,100,0,0,,0,0,,0,0,,0,0,,0,0,
Ukraine,UA,48.37943,31.16558,8,8,100,0,0,,0,0,,6,6,100,0,0,,0,0,,2,2,100,0,0,,0,0,,2,1,50,1,1,100,0,0,,0,0,,0,0,
United Arab Emirates,AE,23.42408,53.84782,3,3,100,0,0,,0,0,,3,3,100,0,0,,0,0,,0,0,,0,0,,1,1,100,0,0,,0,0,,0,0,,0,0,,0,0,
United Kingdom,GB,55.37805,-3.43597,2,2,100,0,0,,0,0,,2,2,100,0,0,,0,0,,0,0,,0,0,,0,0,,0,0,,0,0,,0,0,,5,0,0,0,0,
United States Minor Outlying Islands,UM,5.88062,-162.07592,0,0,,0,0,,0,0,,0,0,,0,0,,0,0,,0,0,,0,0,,0,0,,0,0,,0,0,,0,0,,0,0,,2,0,0
United States of America,US,37.09024,-95.71289,16,13,81,1,1,100,0,0,,6,4,67,0,0,,0,0,,7,7,100,2,1,50,2,0,0,0,0,,4,1,25,2,2,100,2,0,0,2,0,0
United States Virgin Islands,VI,18.33576,-64.89633,0,0,,0,0,,0,0,,0,0,,0,0,,0,0,,0,0,,0,0,,0,0,,0,0,,0,0,,0,0,,2,0,0,1,0,0
Uruguay,UY,-32.52278,-55.76584,9,8,89,0,0,,0,0,,8,7,88,0,0,,0,0,,1,1,100,0,0,,0,0,,1,0,0,0,0,,0,0,,0,0,,0,0,
Uzbekistan,UZ,41.37749,64.58526,10,10,100,0,0,,0,0,,7,7,100,0,0,,0,0,,3,3,100,0,0,,0,0,,1,1,100,1,1,100,0,0,,0,0,,1,0,0
Vanuatu,VU,-15.37671,166.95916,3,3,100,0,0,,0,0,,1,1,100,0,0,,0,0,,2,2,100,0,0,,0,0,,1,1,100,0,0,,0,0,,0,0,,0,0,
Venezuela,VE,6.42375,-66.58973,17,13,76,4,3,75,0,0,,4,4,100,0,0,,0,0,,9,6,67,0,0,,0,0,,1,1,100,0,0,,0,0,,0,0,,2,0,0
Vietnam,VN,14.05832,108.27720,55,45,82,4,1,25,0,0,,15,15,100,0,0,,0,0,,33,29,88,3,0,0,5,4,80,2,2,100,1,1,100,0,0,,2,0,0,0,0,
Wallis and Futuna,WF,-14.29380,-178.11650,0,0,,0,0,,0,0,,0,0,,0,0,,0,0,,0,0,,0,0,,0,0,,0,0,,0,0,,0,0,,0,0,,2,0,0
West Bank,,31.94657,35.30272,3,3,100,0,0,,0,0,,3,3,100,0,0,,0,0,,0,0,,0,0,,0,0,,1,0,0,0,0,,0,0,,1,0,0,1,0,0
Western Sahara,EH,24.21553,-12.88583,2,1,50,0,0,,0,0,,1,1,100,0,0,,0,0,,1,0,0,0,0,,0,0,,1,1,100,0,0,,0,0,,1,0,0,0,0,
Yemen,YE,15.55273,48.51639,5,4,80,0,0,,0,0,,4,4,100,0,0,,0,0,,0,0,,1,0,0,0,0,,0,0,,0,0,,0,0,,2,0,0,0,0,
Zambia,ZM,-13.13390,27.84933,6,5,83,0,0,,0,0,,4,4,100,0,0,,1,0,0,1,1,100,0,0,,0,0,,0,0,,1,0,0,0,0,,1,0,0,0,0,
Zimbabwe,ZW,-19.01544,29.15486,7,6,86,0,0,,0,0,,5,5,100,0,0,,0,0,,2,1,50,0,0,,0,0,,0,0,,0,0,,0,0,,0,0,,0,0,