,,,,,,,
,Afghanistan: 33.93911 67.70995,,Bangladesh: 23.68499 90.35633,,,Brunei Darussalam: 4.53528 114.72767,
,Afghanistan: 33.93911 67.70995,Cameroon: 7.36972 12.35472,,,,Austria: 47.51623 14.55007,
,Albania: 41.15333 20.16833,,,,,Austria: 47.51623 14.55007,Czech Republic: 49.81749 15.47296
,Algeria: 28.03389 1.65963,Iraq: 33.22319 43.67929,Ethiopia: 9.14500 40.48967,Turkey: 38.96375 35.24332,,Cape Verde: 15.12173 -23.60508,
,Algeria: 28.03389 1.65963,,,,,Bosnia and Herzegovina: 43.91589 17.67908,Japan: 36.20482 138.25292
,Algeria: 28.03389 1.65963,,,,,Belgium: 50.50389 4.46994,Albania: 41.15333 20.16833
,Angola: -11.20269 17.87389,Ethiopia: 9.14500 40.48967,Cameroon: 7.36972 12.35472,Botswana: -22.32847 24.68487,,,
,Angola: -11.20269 17.87389,,,,,,
,Angola: -11.20269 17.87389,,Democratic Republic of the Congo: -4.03833 21.75866,,,,
,Argentina: -38.41610 -63.61667,,,,,,
,Argentina: -38.41610 -63.61667,,Peru: -9.18997 -75.01515,,,,
,Argentina: -38.41610 -63.61667,,,,,,
,Argentina: -38.41610 -63.61667,,,,,,
,Argentina: -38.41610 -63.61667,,,,,,
,Armenia: 40.06910 45.03819,Central African Republic: 6.61111 20.93944,,,,Bahrain: 26.06670 50.55770,
,Azerbaijan: 40.14310 47.57693,Afghanistan: 33.93911 67.70995,,,,Hong Kong: 22.39643 114.10950,
,Azerbaijan: 40.14310 47.57693,,,,,Canada: 56.13037 -106.34677,Libya: 26.33510 17.22833
,Azerbaijan: 40.14310 47.57693,Chad: 15.45417 18.73221,,,,Belarus: 53.70981 27.95339,
,Bangladesh: 23.68499 90.35633,,,,,Canada: 56.13037 -106.34677,
,Bangladesh: 23.68499 90.35633,Vietnam: 14.05832 108.27720,Malaysia: 4.21048 101.97577,,,,
,Bangladesh: 23.68499 90.35633,Bhutan: 27.51416 90.43360,,,,Pakistan: 30.37532 69.34512,
,Bhutan: 27.51416 90.43360,Bangladesh: 23.68499 90.35633,Nepal: 28.39486 84.12401,,,,
,Bhutan: 27.51416 90.43360,,China: 35.86166 104.19540,,,Russian Federation: 61.52401 105.31876,
,Bolivia: -16.29015 -63.58865,,,,,,
,Bolivia: -16.29015 -63.58865,,,,,,
,Brazil: -14.23500 -51.92528,,,,,,
,Brazil: -14.23500 -51.92528,,,,,,
,Brazil: -14.23500 -51.92528,,,,,,
,Brazil: -14.23500 -51.92528,,,,,,
,Brazil: -14.23500 -51.92528,,,,,,
,Brazil: -14.23500 -51.92528,,,,,,
,Brazil: -14.23500 -51.92528,,,,,,
,Brazil: -14.23500 -51.92528,,,,,,
,Brazil: -14.23500 -51.92528,,,,,,
,Brazil: -14.23500 -51.92528,,,,,,
,Brazil: -14.23500 -51.92528,,,,,,
,Brazil: -14.23500 -51.92528,,,,,,
,Brunei Darussalam: 4.53528 114.72767,,,,,Australia: -25.27440 133.77514,
,Bulgaria: 42.73388 25.48583,,,,,Cyprus: 35.12641 33.42986,
,Burma: 21.91397 95.95622,,,,,,
,Burma: 21.91397 95.95622,,,,,,
,Burma: 21.91397 95.95622,,,,,,
,Burma: 21.91397 95.95622,,,,,,
,Burma: 21.91397 95.95622,,,,,,
,Burma: 21.91397 95.95622,,,,,,
,Cambodia: 12.56568 104.99096,,,Vietnam: 14.05832 108.27720,,,
,Cambodia: 12.56568 104.99096,,,,,Cocos Islands: -12.1167 96.9000,
,Cambodia: 12.56568 104.99096,,Malaysia: 4.21048 101.97577,,,,
,Cambodia: 12.56568 104.99096,,Thailand: 15.87003 100.99254,,,,
,Cambodia: 12.56568 104.99096,Bangladesh: 23.68499 90.35633,,,,,
,Cambodia: 12.56568 104.99096,China: 35.86166 104.19540,Thailand: 15.87003 100.99254,,,,
,Cambodia: 12.56568 104.99096,Malaysia: 4.21048 101.97577,,,,,
,Cambodia: 12.56568 104.99096,,Thailand: 15.87003 100.99254,,,,
,Cameroon: 7.36972 12.35472,,,,,,
,Cameroon: 7.36972 12.35472,,,,,,
,Central African Republic: 6.61111 20.93944,,,,,,
,Chad: 15.45417 18.73221,,Algeria: 28.03389 1.65963,Morocco: 31.79170 -7.09262,,,
,Chad: 15.45417 18.73221,,Libya: 26.33510 17.22833,Senegal: 14.49740 -14.45236,,,
,Chile: -35.67515 -71.54297,,,,,,
,Chile: -35.67515 -71.54297,,,,,,
,Chile: -35.67515 -71.54297,,,,,Panama: 8.53798 -80.78213,
,China: 35.86166 104.19540,,Kazakhstan: 48.01957 66.92368,,,,
,China: 35.86166 104.19540,,,,,,
,China: 35.86166 104.19540,,,,,,
,China: 35.86166 104.19540,,,,,United States of America: 37.09024 -95.71289,
,China: 35.86166 104.19540,,,,,India: 20.59368 78.96288,
,China: 35.86166 104.19540,,,,,,
,China: 35.86166 104.19540,India: 20.59368 78.96288,,,,Japan: 36.20482 138.25292,
,China: 35.86166 104.19540,,,,,,
,China: 35.86166 104.19540,,,,,,
,China: 35.86166 104.19540,,,,,,
,China: 35.86166 104.19540,,,,,,
,China: 35.86166 104.19540,,,,,,
,China: 35.86166 104.19540,,,,,,
,Christmas Island: -10.44753 105.69045,,,,,Japan: 36.20482 138.25292,
,Colombia: 4.57087 -74.29733,,,,,,
,Colombia: 4.57087 -74.29733,,,,,,
,Colombia: 4.57087 -74.29733,,,,,,
,Colombia: 4.57087 -74.29733,,,,,,
,Colombia: 4.57087 -74.29733,,,,,,
,Colombia: 4.57087 -74.29733,,,,,,
,Colombia: 4.57087 -74.29733,,,,,,
,Colombia: 4.57087 -74.29733,,,,,,
,Colombia: 4.57087 -74.29733,,,,,,
,Comoros: -11.64550 43.33330,,,,,,
,Comoros: -11.64550 43.33330,,,,,,
,Congo: -0.22802 15.82766,,,,,,
,Congo: -0.22802 15.82766,,,,,,
,Costa Rica: 9.74892 -83.75343,,,,,,
,Croatia: 45.10000 15.20000,,,,,Egypt: 26.82055 30.80250,
,Cuba: 21.52176 -77.78117,,,,,,
,Cuba: 21.52176 -77.78117,,,,,,
,Cuba: 21.52176 -77.78117,,,,,,
,Democratic Republic of the Congo: -4.03833 21.75866,,,,,,
,Djibouti: 11.82514 42.59027,,,,,,
,Dominica: 15.41500 -61.37098,,Guadeloupe: 16.26500 -61.55100,,,,
,Dominican Republic: 18.73569 -70.16265,,Haiti: 18.97119 -72.28521,,,,
,Ecuador: -1.83124 -78.18341,,,,,,
,Ecuador: -1.83124 -78.18341,,,,,,
,Ecuador: -1.83124 -78.18341,,,,,,
,Equatorial Guinea: 1.65080 10.26789,,,,,,
,Equatorial Guinea: 1.65080 10.26789,,,,,,
,Eritrea: 15.17938 39.78233,,,,,,
,Eritrea: 15.17938 39.78233,,Israel: 31.04605 34.85161,,,Germany: 51.16569 10.45153,
,Ethiopia: 9.14500 40.48967,,,,,,
,France: 46.22764 2.21375,,Austria: 47.51623 14.55007,,,,
,France: 46.22764 2.21375,,,,,Cape Verde: 15.12173 -23.60508,Bosnia and Herzegovina: 43.91589 17.67908
,French Polynesia: -17.67974 -149.40684,,,,,,
,Gabon: -0.80369 11.60944,,,,,,
,Georgia: 42.1902 43.2781,Eritrea: 15.17938 39.78233,,,,Belgium: 50.50389 4.46994,
,Gibraltar: 36.1430 -5.3530,,,,,Denmark: 56.26392 9.50178,Croatia: 45.10000 15.20000
,Greece: 39.07421 21.82431,,,,,France: 46.22764 2.21375,
,Guam: 13.44430 144.79373,,,,,,
,Guinea: 9.94559 -9.69665,,,,,,
,Honduras: 15.20000 -86.24191,,,,,,
,Honduras: 15.20000 -86.24191,,,,,,
,Honduras: 15.20000 -86.24191,,,,,,
,Hong Kong: 22.39643 114.10950,,,,,,
,Hong Kong: 22.39643 114.10950,,,,,Vietnam: 14.05832 108.27720,
,Hungary: 47.16249 19.50330,,,,,Germany: 51.16569 10.45153,
,India: 20.59368 78.96288,,,,,,
,India: 20.59368 78.96288,,,,,,
,India: 20.59368 78.96288,,,,,,
,India: 20.59368 78.96288,,,,,,
,India: 20.59368 78.96288,,,,,,
,India: 20.59368 78.96288,,,,,,
,India: 20.59368 78.96288,,,,,,
,India: 20.59368 78.96288,,,,,,
,India: 20.59368 78.96288,,,,,,
,India: 20.59368 78.96288,,Bangladesh: 23.68499 90.35633,,,,
,India: 20.59368 78.96288,,,,,,
,India: 20.59368 78.96288,,,,,,
,India: 20.59368 78.96288,Ethiopia: 9.14500 40.48967,,,,Bulgaria: 42.73388 25.48583,
,India: 20.59368 78.96288,,,,,,
,Indonesia: -0.78927 113.92133,,,,,,
,Indonesia: -0.78927 113.92133,,,,,,
,Indonesia: -0.78927 113.92133,,,,Singapore: 1.35208 103.81984,,
,Indonesia: -0.78927 113.92133,,,,,,
,Indonesia: -0.78927 113.92133,,,,,,
,Indonesia: -0.78927 113.92133,,,,,,
,Indonesia: -0.78927 113.92133,,,,,,
,Indonesia: -0.78927 113.92133,Burma: 21.91397 95.95622,Bangladesh: 23.68499 90.35633,,,,
,Indonesia: -0.78927 113.92133,,,,,,
,Indonesia: -0.78927 113.92133,,,,,,
,Indonesia: -0.78927 113.92133,,,,,,
,Indonesia: -0.78927 113.92133,,,,,,
,Indonesia: -0.78927 113.92133,,,,,,
,Indonesia: -0.78927 113.92133,,,,,,
,Indonesia: -0.78927 113.92133,,,,,,
,Indonesia: -0.78927 113.92133,Burma: 21.91397 95.95622,Vietnam: 14.05832 108.27720,,,,
,Indonesia: -0.78927 113.92133,,Bangladesh: 23.68499 90.35633,,,,
,Indonesia: -0.78927 113.92133,,,,,,
,Indonesia: -0.78927 113.92133,,,,,,
,Indonesia: -0.78927 113.92133,,,,,,
,Indonesia: -0.78927 113.92133,,,,,,
,Indonesia: -0.78927 113.92133,,,,Singapore: 1.35208 103.81984,,
,Indonesia: -0.78927 113.92133,,,,,,
,Indonesia: -0.78927 113.92133,,,,,,
,Indonesia: -0.78927 113.92133,,,,,,
,Indonesia: -0.78927 113.92133,,,,,,
,Indonesia: -0.78927 113.92133,,,,,,
,Iran: 32.42791 53.68805,,,,,,
,Iran: 32.42791 53.68805,Pakistan: 30.37532 69.34512,,,,Jordan: 30.58516 36.23841,
,Iran: 32.42791 53.68805,,,,,,
,Iran: 32.42791 53.68805,,,,,,
,Iran: 32.42791 53.68805,,,,,Israel: 31.04605 34.85161,
,Iran: 32.42791 53.68805,,,,,Cyprus: 35.12641 33.42986,
,Iraq: 33.22319 43.67929,,,,,Kuwait: 29.31166 47.48177,
,Iraq: 33.22319 43.67929,,,,,Czech Republic: 49.81749 15.47296,
,Ireland: 53.41291 -8.24389,,,,,Germany: 51.16569 10.45153,Egypt: 26.82055 30.80250
,Israel: 31.04605 34.85161,,,,,Denmark: 56.26392 9.50178,
,Italy: 41.87194 12.56738,,,,,Malta: 35.93750 14.37542,
,Japan: 36.20482 138.25292,,,,,,
,Japan: 36.20482 138.25292,,,,,,
,Japan: 36.20482 138.25292,,,,,,
,Jordan: 30.58516 36.23841,,Senegal: 14.49740 -14.45236,,,Mali: 17.57069 -3.99617,
,Jordan: 30.58516 36.23841,,,,,Egypt: 26.82055 30.80250,
,Kazakhstan: 48.01957 66.92368,Russian Federation: 61.52401 105.31876,,,,South Korea: 35.90776 127.76692,
,Kazakhstan: 48.01957 66.92368,,,,,The Netherlands: 52.13263 5.29127,
,Kazakhstan: 48.01957 66.92368,,China: 35.86166 104.19540,,,,
,Kazakhstan: 48.01957 66.92368,,,,,Finland: 61.92411 25.74815,
,Kenya: -0.02356 37.90619,,,,,,
,Kenya: -0.02356 37.90619,,,,,,
,Kenya: -0.02356 37.90619,,Chad: 15.45417 18.73221,Malawi: -13.25431 34.30152,,,
,Kyrgyzstan: 41.20438 74.76610,,,,,France: 46.22764 2.21375,
,Laos: 19.85627 102.49550,,,,,,
,Laos: 19.85627 102.49550,,,,,,
,Laos: 19.85627 102.49550,,,,,,
,Laos: 19.85627 102.49550,,,,,,
,Laos: 19.85627 102.49550,China: 35.86166 104.19540,,,,,
,Laos: 19.85627 102.49550,,,,,,
,Laos: 19.85627 102.49550,,,,,,
,Laos: 19.85627 102.49550,,,,,,
,Laos: 19.85627 102.49550,,,,,,
,Lebanon: 33.9270 35.6951,,,,,Germany: 51.16569 10.45153,
,Macedonia (FYROM): 41.60863 21.74527,,,,,West Bank: 31.94657 35.30272,
,Madagascar: -18.76695 46.86911,,,,,,
,Madagascar: -18.76695 46.86911,,,,,,
,Madagascar: -18.76695 46.86911,,,,,,
,Madagascar: -18.76695 46.86911,,,,,,
,Madagascar: -18.76695 46.86911,,,,,Mauritius: -20.34840 57.55215,
,Madagascar: -18.76695 46.86911,,,,,,
,Madagascar: -18.76695 46.86911,,,,,,
,Madagascar: -18.76695 46.86911,,,,,,
,Madagascar: -18.76695 46.86911,,,,,,
,Madagascar: -18.76695 46.86911,,,,,,
,Madagascar: -18.76695 46.86911,,,,,,
,Madagascar: -18.76695 46.86911,,,,,,
,Madagascar: -18.76695 46.86911,,,,,,
,Madagascar: -18.76695 46.86911,,,,,,
,Madagascar: -18.76695 46.86911,,,,,,
,Madagascar: -18.76695 46.86911,,,,,,
,Madagascar: -18.76695 46.86911,,,,,,
,Malaysia: 4.21048 101.97577,,,,,,
,Malaysia: 4.21048 101.97577,,Bhutan: 27.51416 90.43360,,,,
,Malaysia: 4.21048 101.97577,,,,,,
,Malaysia: 4.21048 101.97577,,,,,,
,Malaysia: 4.21048 101.97577,,,,,,
,Mali: 17.57069 -3.99617,,Mauritania: 21.00789 -10.94083,,,,
,Mauritania: 21.00789 -10.94083,,Egypt: 26.82055 30.80250,Tunisia: 33.88692 9.53750,,,
,Mauritania: 21.00789 -10.94083,,Sudan: 12.86281 30.21764,,,Montenegro: 42.70868 19.37439,
,Mauritius: -20.34840 57.55215,,,,,,
,Mexico: 19.0000 -99.0000,,,,,,
,Mexico: 19.0000 -99.0000,,,,,,
,Mexico: 19.0000 -99.0000,,,,Cuba: 21.52176 -77.78117,,
,Mexico: 19.0000 -99.0000,,,,,,
,Mexico: 19.0000 -99.0000,,,,,,
,Micronesia: 6.88746 158.21507,,,,,,
,Micronesia: 6.88746 158.21507,,,,,,
,Mongolia: 46.86250 103.84666,,,,,,
,Mongolia: 46.86250 103.84666,Turkmenistan: 38.96972 59.55628,,,,,
,Mongolia: 46.86250 103.84666,,Moldova: 47.41163 28.36989,,,,
,Montenegro: 42.70868 19.37439,,,,,Poland: 51.91944 19.14514,
,Montserrat: 16.74250 -62.18737,,Martinique: 14.64153 -61.02417,,,,
,Morocco: 31.79170 -7.09262,,,,,Portugal: 39.39987 -8.22445,
,Morocco: 31.79170 -7.09262,,,,,Portugal: 39.39987 -8.22445,
,Morocco: 31.79170 -7.09262,,,,,Israel: 31.04605 34.85161,Faroe Islands: 61.89263 -6.91181
,Mozambique: -18.66569 35.52956,,Rwanda: -1.94028 29.87389,Swaziland: -26.52250 31.46587,,,
,Namibia: -22.95764 18.49041,,,Zambia: -13.13390 27.84933,,,
,Namibia: -22.95764 18.49041,,,,,,
,Nepal: 28.39486 84.12401,,,,,,
,Nepal: 28.39486 84.12401,,,,,,
,Nepal: 28.39486 84.12401,,,,,,
,Nepal: 28.39486 84.12401,,,,,,
,New Caledonia: -20.90431 165.61804,,,,,,
,New Caledonia: -20.90431 165.61804,,,,,,
,New Zealand: -40.90056 174.88597,,,,,,
,New Zealand: -40.90056 174.88597,,,,,,
,Niger: 17.60779 8.08167,,Libya: 26.33510 17.22833,,,,
,Niger: 17.60779 8.08167,,Morocco: 31.79170 -7.09262,,,,
,Nigeria: 9.08200 8.67528,,,,,,
,Nigeria: 9.08200 8.67528,,,,,,
,Nigeria: 9.08200 8.67528,,,,,,
,North Korea: 40.33985 127.51009,,,,,,
,Northern Mariana Islands: 15.09790 145.67390,,,,,,
,Oman: 21.51258 55.92325,,,,,Greece: 39.07421 21.82431,
,Pakistan: 30.37532 69.34512,,,,,,
,Pakistan: 30.37532 69.34512,,,,,,
,Pakistan: 30.37532 69.34512,,,,,Hungary: 47.16249 19.50330,
,Panama: 8.53798 -80.78213,,,,,,
,Panama: 8.53798 -80.78213,,,,,,
,Panama: 8.53798 -80.78213,,,,,,
,Panama: 8.53798 -80.78213,,,,,,
,Papua New Guinea: -6.31499 143.95555,,,,,,
,Papua New Guinea: -6.31499 143.95555,,,,,,
,Papua New Guinea: -6.31499 143.95555,,,,,,
,Papua New Guinea: -6.31499 143.95555,,,,,,
,Papua New Guinea: -6.31499 143.95555,,,,,,
,Papua New Guinea: -6.31499 143.95555,,,,,,
,Papua New Guinea: -6.31499 143.95555,,,,,,
,Papua New Guinea: -6.31499 143.95555,,,,,,
,Papua New Guinea: -6.31499 143.95555,,,,,,
,Paraguay: -23.44250 -58.44383,,,,,,
,Paraguay: -23.44250 -58.44383,,,,,,
,Peru: -9.18997 -75.01515,,,,,,
,Peru: -9.18997 -75.01515,,,,,,
,Peru: -9.18997 -75.01515,,,,,,
,Peru: -9.18997 -75.01515,,,,,,
,Philippines: 12.87972 121.77402,,,,,,
,Philippines: 12.87972 121.77402,,,,,,
,Philippines: 12.87972 121.77402,,,,,,
,Philippines: 12.87972 121.77402,,,,,,
,Philippines: 12.87972 121.77402,,,,,,
,Philippines: 12.87972 121.77402,,,,,,
,Philippines: 12.87972 121.77402,,,,,,
,Philippines: 12.87972 121.77402,,,,,,
,Philippines: 12.87972 121.77402,,,,,,
,Philippines: 12.87972 121.77402,,,,,,
,Philippines: 12.87972 121.77402,,,,,,
,Philippines: 12.87972 121.77402,,,,,,
,Philippines: 12.87972 121.77402,,,,,,
,Philippines: 12.87972 121.77402,,,,,,
,Philippines: 12.87972 121.77402,,,,,,
,Portugal: 39.39987 -8.22445,,,,,Italy: 41.87194 12.56738,Greece: 39.07421 21.82431
,Puerto Rico: 18.22083 -66.59015,,,,,,
,Qatar: 25.35483 51.18388,,,,,Italy: 41.87194 12.56738,
,Réunion: -21.1144 55.5325,,,,,,
,Réunion: -21.1144 55.5325,,Mauritius: -20.34840 57.55215,,,,
,Romania: 45.94316 24.96676,,Belarus: 53.70981 27.95339,,,,
,Romania: 45.94316 24.96676,,,,,Spain: 40.46367 -3.74922,
,Russian Federation: 61.52401 105.31876,,,,,,
,Russian Federation: 61.52401 105.31876,,,,,,
,Russian Federation: 61.52401 105.31876,,,,,,
,Russian Federation: 61.52401 105.31876,,Bulgaria: 42.73388 25.48583,,,,
,Russian Federation: 61.52401 105.31876,,,,,Switzerland: 46.81819 8.22751,
,Russian Federation: 61.52401 105.31876,,,,,United Kingdom: 55.37805 -3.43597,
,Russian Federation: 61.52401 105.31876,,Poland: 51.91944 19.14514,,,,
,Russian Federation: 61.52401 105.31876,,,,,Kuwait: 29.31166 47.48177,
,Russian Federation: 61.52401 105.31876,,,,,Luxembourg: 49.81527 6.12958,
,Rwanda: -1.94028 29.87389,,,,,,
,Saint Helena: -15.9500 -5.7000,,,,,,
,Saint Vincent and the Grenadines: 13.25338 -61.19625,,,,,,
,Sao Tomé and Principe: 0.3176 6.6688,,,,,,
,Sao Tomé and Principe: 0.3176 6.6688,,,,,,
,Saudi Arabia: 23.88594 45.07916,,,,,Serbia: 44.01652 21.00586,
,Saudi Arabia: 23.88594 45.07916,,,,,,
,Saudi Arabia: 23.88594 45.07916,,,,,Maldives: 1.97725 73.53610,
,Serbia: 44.01652 21.00586,,,,,,
,Singapore: 1.35208 103.81984,,,,,,
,Singapore: 1.35208 103.81984,,,,,,
,Solomon Islands: -9.64571 160.15619,,,,,,
,Solomon Islands: -9.64571 160.15619,,,,,,
,Solomon Islands: -9.64571 160.15619,,,,,,
,Somalia: 5.15215 46.19962,,,,,,
,Somalia: 5.15215 46.19962,,,,,,
,South Africa: -30.55948 22.93751,,,,,,
,South Africa: -30.55948 22.93751,,,,,,
,South Africa: -30.55948 22.93751,,,,,,
,South Korea: 35.90776 127.76692,,,,,,
,Spain: 40.46367 -3.74922,,,,,,
,Spain: 40.46367 -3.74922,,Croatia: 45.10000 15.20000,,,,
,Spain: 40.46367 -3.74922,,,,,The Netherlands: 52.13263 5.29127,Libya: 26.33510 17.22833
,Sri Lanka: 7.87305 80.77180,,,,,,
,Sri Lanka: 7.87305 80.77180,,,,,,
,Sri Lanka: 7.87305 80.77180,,,,,Malta: 35.93750 14.37542,
,Sudan: 12.86281 30.21764,,,,,Mongolia: 46.86250 103.84666,
,Syria: 34.80207 38.99681,,,,,Morocco: 31.79170 -7.09262,
,Syria: 34.80208 38.99681,,,,,Somalia: 5.15215 46.19962,
,Taiwan: 23.69781 120.96052,,,,,,
,Taiwan: 23.69781 120.96052,,,,,,
,Tajikistan: 38.86103 71.27609,,,,,The Netherlands: 52.13263 5.29127,
,Tanzania: -6.36903 34.88882,,,,,,
,Tanzania: -6.36903 34.88882,,,,,,
,Tanzania: -6.36903 34.88882,,,,,,
,Tanzania: -6.36903 34.88882,,,,,,
,Thailand: 15.87003 100.99254,,,,,,
,Thailand: 15.87003 100.99254,,,,,,
,Thailand: 15.87003 100.99254,,,,,,
,Thailand: 15.87003 100.99254,,,,,,
,Thailand: 15.87003 100.99254,,,,,,
,Thailand: 15.87003 100.99254,,,,,,
,Thailand: 15.87003 100.99254,,,,,,
,Timor-Leste: -8.87422 125.72754,,,,,,
,Timor-Leste: -8.87422 125.72754,,,,,,
,Trinidad and Tobago: 10.69180 -61.22250,,,,,,
,Trinidad and Tobago: 10.69180 -61.22250,,,,,,
,Tunisia: 33.88692 9.53750,,,,,,
,Turkey: 38.96375 35.24332,,,,,,
,Turkey: 38.96375 35.24332,,,,,,
,Turkey: 38.96375 35.24332,,,,,,
,Turkey: 38.96375 35.24332,,,,,Poland: 51.91944 19.14514,
,Turkmenistan: 38.96972 59.55628,,Ukraine: 48.37943 31.16558,,,,
,Turkmenistan: 38.96972 59.55628,,,,,Portugal: 39.39987 -8.22445,
,Ukraine: 48.37943 31.16558,,Czech Republic: 49.81749 15.47296,,,,
,Ukraine: 48.37943 31.16558,,,,,,
,United Arab Emirates: 23.42408 53.84782,,,,,Romania: 45.94316 24.96676,
,United Kingdom: 55.37805 -3.43597,,,,,Norway: 60.47202 8.46895,Malta: 35.93750 14.37542
,United States of America: 37.09024 -95.71289,,,,,,
,United States of America: 37.09024 -95.71289,,,,,,
,Uruguay: -32.52278 -55.76584,,,,,,
,Uruguay: -32.52278 -55.76584,,,,,,
,Uzbekistan: 41.37749 64.58526,,,,,,
,Uzbekistan: 41.37749 64.58526,,,,,,
,Uzbekistan: 41.37749 64.58526,,,,,,
,Uzbekistan: 41.37749 64.58526,,,,,Seychelles: -4.67957 55.49198,
,Venezuela: 6.42375 -66.58973,,,,,,
,Venezuela: 6.42375 -66.58973,,,,,,
,Venezuela: 6.42375 -66.58973,,,,,,
,Venezuela: 6.42375 -66.58973,,,,,,
,Vietnam: 14.05832 108.27720,,,,,,
,Vietnam: 14.05832 108.27720,,,,,,
,Vietnam: 14.05832 108.27720,,,,,,
,Vietnam: 14.05832 108.27720,,,,,,
,Vietnam: 14.05832 108.27720,,,,,,
,Vietnam: 14.05832 108.27720,,,,,,
,Vietnam: 14.05832 108.27720,,,,,,
,Vietnam: 14.05832 108.27720,,,,,,
,Vietnam: 14.05832 108.27720,,,,,,
,Vietnam: 14.05832 108.27720,,Cambodia: 12.56568 104.99096,,,,
,Vietnam: 14.05832 108.27720,,,,,,
,Vietnam: 14.05832 108.27720,,,,,,
,Vietnam: 14.05832 108.27720,,,,,,
,Vietnam: 14.05832 108.27720,,,,,,
,Vietnam: 14.05832 108.27720,,,,,,
,West Bank: 31.94657 35.30272,,,,,Ireland: 53.41291 -8.24389,
,Yemen: 15.55273 48.51639,,,,,Spain: 40.46367 -3.74922,
,Yemen: 15.55273 48.51639,,,,,,
,Zimbabwe: -19.01544 29.15486,,,,,,
,,,Sudan: 12.86281 30.21764,,,,
,,,Western Sahara: 24.21553 -12.88583,,,,
,,Costa Rica: 9.74892 -83.75343,,,,,
,,Cambodia: 12.56568 104.99096,,,,,
,,Laos: 19.85627 102.49550,,,,,
,,Thailand: 15.87003 100.99254,,,,,
,,Vietnam: 14.05832 108.27720,,,,,
,,Mexico: 19.0000 -99.0000,,,,,
,,,,United States of America: 37.09024 -95.71289,,,
,,Seychelles: -4.67957 55.49198,,,,,
,,Brazil: -14.23500 -51.92528,,,,,
,,Indonesia: -0.78927 113.92133,,,,,
,,,Brunei Darussalam: 4.53528 114.72767,,,,
,,,Cambodia: 12.56568 104.99096,,,,
,,,India: 20.59368 78.96288,,,,
,,,Laos: 19.85627 102.49550,,,,
,,,Thailand: 15.87003 100.99254,,,,
,,,Vietnam: 14.05832 108.27720,,,,
,,Samoa: -13.75903 -172.10463,,,,,
,,,,,,Western Sahara: 24.21553 -12.88583,
,,,,Mexico: 19.0000 -99.0000,,,
,,,,United States of America: 37.09024 -95.71289,,,
,,,Saint Kitts and Nevis: 17.35782 -62.78300,,,,
,,Cuba: 21.52176 -77.78117,,,,,
,,,Estonia: 58.59527 25.01361,,,,
,,,Finland: 61.92411 25.74815,,,,
,,,Georgia: 42.1902 43.2781,,,,
,,,Germany: 51.16569 10.45153,,,,
,,,Hungary: 47.16249 19.50330,,,,
,,,Kazakhstan: 48.01957 66.92368,,,,
,,,Latvia: 56.87964 24.60319,,,,
,,,Lithuania: 55.16944 23.88127,,,,
,,,Moldova: 47.41163 28.36989,,,,
,,,Montenegro: 42.70868 19.37439,,,,
,,,The Netherlands: 52.13263 5.29127,,,,
,,,Poland: 51.91944 19.14514,,,,
,,,Serbia: 44.01652 21.00586,,,,
,,,Slovakia: 48.66903 19.69902,,,,
,,,Switzerland: 46.81819 8.22751,,,,
,,Cuba: 21.52176 -77.78117,,,,,
,,,Nigeria: 9.08200 8.67528,,,,
,,,Tunisia: 33.88692 9.53750,,,,
,,Argentina: -38.41610 -63.61667,Barbados: 13.19389 -59.54320,,,,
,,Brazil: -14.23500 -51.92528,Mexico: 19.0000 -99.0000,,,,
,,Canada: 56.13037 -106.34677,Uruguay: -32.52278 -55.76584,,,,
,,Chile: -35.67515 -71.54297,,,,,
,,Paraguay: -23.44250 -58.44383,,,,,
,,United States of America: 37.09024 -95.71289,,,,,
,,India: 20.59368 78.96288,,,,,
,,Papua New Guinea: -6.31499 143.95555,,,,,
,,,Nepal: 28.39486 84.12401,,,,
,,United States of America: 37.09024 -95.71289,,,,,
,,Jamaica: 18.1315 -77.2736,,,,,Anguilla: 18.22055 -63.06862
,,,,,,,Antigua and Barbuda: 17.06082 -61.79643
,,,,,,,The Bahamas: 25.03428 -77.39628
,,,,,,,Bonaire Sint Eustatius and Saba: 12.17836 -68.23853
,,,,,,,Cayman Islands: 19.31330 -81.25460
,,,,,,,Cuba: 21.52176 -77.78117
,,,,,,,Curaçao: 12.1833 -69.0000
,,,,,,,Dominican Republic: 18.73569 -70.16265
,,,,,,,Guadeloupe: 16.26500 -61.55100
,,,,,,,Haiti: 18.97119 -72.28521
,,,,,,,Honduras: 15.20000 -86.24191
,,,,,,,Martinique: 14.64153 -61.02417
,,,,,,,Mexico: 19.0000 -99.0000
,,,,,,,Montserrat: 16.74250 -62.18737
,,,,,,,Nicaragua: 12.86542 -85.20723
,,,,,,,Puerto Rico: 18.22083 -66.59015
,,,,,,,Saint Kitts and Nevis: 17.35782 -62.78300
,,,,,,,Saint Martin: 18.08255 -63.05225
,,,,,,,Sint Maarten: 18.030 -63.0500
,,,,,,,Turks and Caicos Islands: 21.69402 -71.79793
,,,,,,,United States of America: 37.09024 -95.71289
,,,,,,,Venezuela: 6.42375 -66.58973
,,,,,,,United States Virgin Islands: 18.33576 -64.89633
,,Solomon Islands: -9.64571 160.15619,,,,,
,,,,,,Poland: 51.91944 19.14514,Monaco: 43.7328 7.4197
,,,,,,Sweden: 60.12816 18.64350,Montenegro: 42.70868 19.37439
,,,,,,Tunisia: 33.88692 9.53750,Slovenia: 46.15124 14.99546
,,,China: 35.86166 104.19540,,,,
,,,India: 20.59368 78.96288,,,,
,,,Laos: 19.85627 102.49550,,,,
,,,Malaysia: 4.21048 101.97577,,,,
,,,Burma: 21.91397 95.95622,,,,
,,,Thailand: 15.87003 100.99254,,,,
,,Bangladesh: 23.68499 90.35633,Nepal: 28.39486 84.12401,,,,
,,India: 20.59368 78.96288,,,,,
,,Burma: 21.91397 95.95622,,,,,
,,Philippines: 12.87972 121.77402,,,,,
,,Ecuador: -1.83124 -78.18341,,,,,
,,Ecuador: -1.83124 -78.18341,,,,,
,,Ecuador: -1.83124 -78.18341,,,,,
,,,,,,Slovakia: 48.66903 19.69902,
,,,,,,Slovenia: 46.15124 14.99546,
,,,,,,Somalia: 5.15215 46.19962,
,,,,,,Spain: 40.46367 -3.74922,
,,,,,,Sweden: 60.12816 18.64350,
,,,,,,Switzerland: 46.81819 8.22751,
,,,,,,United Kingdom: 55.37805 -3.43597,
,,,,,,Yemen: 15.55273 48.51639,
,,Indonesia: -0.78927 113.92133,,,,,
,Algeria: 28.03389 1.65963,,,,,,
,Angola: -11.20269 17.87389,,,,,,
,Angola: -11.20269 17.87389,,,,,,
,Argentina: -38.41610 -63.61667,,,,,,
,Argentina: -38.41610 -63.61667,,,,,,
,Argentina: -38.41610 -63.61667,,,,,,
,Argentina: -38.41610 -63.61667,,,,,,
,Argentina: -38.41610 -63.61667,,,,,,
,Argentina: -38.41610 -63.61667,,,,,,
,Argentina: -38.41610 -63.61667,,,,,,
,Belize: 17.18988 -88.49765,,,,,,
,Belize: 17.18988 -88.49765,,,,,,
,Bhutan: 27.51416 90.43360,,,,,,
,Bolivia: -16.29015 -63.58865,,,,,,
,Bolivia: -16.29015 -63.58865,,,,,,
,Bolivia: -16.29015 -63.58865,,,,,,
,Bolivia: -16.29015 -63.58865,,,,,,
,Bosnia and Herzegovina: 43.91589 17.67908,,,,,,
,Botswana: -22.32847 24.68487,,,,,,
,Brazil: -14.23500 -51.92528,,,,,,
,Brazil: -14.23500 -51.92528,,,,,,
,Brazil: -14.23500 -51.92528,,,,,,
,Brazil: -14.23500 -51.92528,,,,,,
,Brazil: -14.23500 -51.92528,,,,,,
,Brazil: -14.23500 -51.92528,,,,,,
,Brazil: -14.23500 -51.92528,,,,,,
,Brazil: -14.23500 -51.92528,,,,,,
,Brazil: -14.23500 -51.92528,,,,,,
,Bulgaria: 42.73388 25.48583,,,,,,
,Burma: 21.91397 95.95622,,,,,,
,Burma: 21.91397 95.95622,,,,,,
,Burma: 21.91397 95.95622,,,,,,
,Burma: 21.91397 95.95622,,,,,,
,Burma: 21.91397 95.95622,,,,,,
,Burma: 21.91397 95.95622,,,,,,
,Burma: 21.91397 95.95622,,,,,,
,Burundi: -3.37306 29.91889,,,,,,
,Cambodia: 12.56568 104.99096,,,,,,
,Central African Republic: 6.61111 20.93944,,,,,,
,Chad: 15.45417 18.73221,,,,,,
,Chile: -35.67515 -71.54297,,,,,,
,Chile: -35.67515 -71.54297,,,,,,
,China: 35.86166 104.19540,,,,,,
,China: 35.86166 104.19540,,,,,,
,China: 35.86166 104.19540,,,,,,
,China: 35.86166 104.19540,,,,,,
,China: 35.86166 104.19540,,,,,,
,China: 35.86166 104.19540,,,,,,
,China: 35.86166 104.19540,,,,,,
,China: 35.86166 104.19540,,,,,,
,China: 35.86166 104.19540,,,,,,
,China: 35.86166 104.19540,,,,,Japan: 36.20482 138.25292,
,Colombia: 4.57087 -74.29733,,,,,,
,Colombia: 4.57087 -74.29733,,,,,,
,Colombia: 4.57087 -74.29733,,,,,,
,Colombia: 4.57087 -74.29733,,,,,,
,Colombia: 4.57087 -74.29733,,,,,,
,Congo: -0.22802 15.82766,,,,,,
,Congo: -0.22802 15.82766,,,,,,
,Costa Rica: 9.74892 -83.75343,,,,,,
,Costa Rica: 9.74892 -83.75343,,,,,,
,Costa Rica: 9.74892 -83.75343,,,,,,
,Côte d'Ivoire: 7.1317 -5.5230,,,,,,
,Côte d'Ivoire: 7.1317 -5.5230,,,,,Mali: 17.57069 -3.99617,
,Democratic Republic of the Congo: -4.03833 21.75866,,,,,,
,Democratic Republic of the Congo: -4.03833 21.75866,,,,,,
,Democratic Republic of the Congo: -4.03833 21.75866,,,,,,
,Democratic Republic of the Congo: -4.03833 21.75866,,,,,,
,Ecuador: -1.83124 -78.18341,,,,,,
,Ecuador: -1.83124 -78.18341,,,,,,
,Ecuador: -1.83124 -78.18341,,,,,,
,El Salvador: 13.79419 -88.89653,,,,,,
,El Salvador: 13.79419 -88.89653,,,,,,
,Ethiopia: 9.14500 40.48967,,,,,,
,France: 46.22764 2.21375,,,,,,
,French Guiana: 3.93389 -53.12578,,,,,,
,French Guiana: 3.93389 -53.12578,,,,,,
,Gabon: -0.80369 11.60944,,,,,,
,Gabon: -0.80369 11.60944,,,,,,
,Ghana: 7.94653 -1.02319,,,,,,
,Greece: 39.07421 21.82431,,,,,,
,Guatemala: 15.78347 -90.23076,,,,,,
,Guatemala: 15.78347 -90.23076,,,,,,
,Guinea: 9.94559 -9.69665,,,,,,
,Guyana: 4.86042 -58.93018,,,,,,
,Guyana: 4.86042 -58.93018,,,,,,
,Honduras: 15.20000 -86.24191,,,,,,
,Honduras: 15.20000 -86.24191,,,,,,
,Honduras: 15.20000 -86.24191,,,,,,
,Hungary: 47.16249 19.50330,,,,,,
,India: 20.59368 78.96288,,,,,,
,India: 20.59368 78.96288,,,,,,
,India: 20.59368 78.96288,,,,,,
,India: 20.59368 78.96288,,,,,,
,India: 20.59368 78.96288,,,,,,
,India: 20.59368 78.96288,,,,,,
,Indonesia: -0.78927 113.92133,,,,,,
,Indonesia: -0.78927 113.92133,,,,,,
,Indonesia: -0.78927 113.92133,,,,,,
,Indonesia: -0.78927 113.92133,,,,,,
,Indonesia: -0.78927 113.92133,,,,,,
,Indonesia: -0.78927 113.92133,,,,,,
,Indonesia: -0.78927 113.92133,,,,,,
,Indonesia: -0.78927 113.92133,,,,,,
,Indonesia: -0.78927 113.92133,,,,,,
,Italy: 41.87194 12.56738,,,,,,
,Italy: 41.87194 12.56738,,,,,,
,Italy: 41.87194 12.56738,,,,,,
,Italy: 41.87194 12.56738,,,,,,
,Italy: 41.87194 12.56738,,,,,,
,Laos: 19.85627 102.49550,,,,,,
,Laos: 19.85627 102.49550,,,,,,
,Laos: 19.85627 102.49550,,,,,,
,Laos: 19.85627 102.49550,,,,,,
,Laos: 19.85627 102.49550,,,,,,
,Laos: 19.85627 102.49550,,,,,,
,Laos: 19.85627 102.49550,,,,,,
,Liberia: 6.42805 -9.42950,,,,,,
,Libya: 26.33510 17.22833,,,,,,
,Macedonia (FYROM): 41.60863 21.74527,,,,,,
,Madagascar: -18.76695 46.86911,,,,,,
,Madagascar: -18.76695 46.86911,,,,,,
,Madagascar: -18.76695 46.86911,,,,,,
,Madagascar: -18.76695 46.86911,,,,,,
,Madagascar: -18.76695 46.86911,,,,,,
,Madagascar: -18.76695 46.86911,,,,,,
,Madagascar: -18.76695 46.86911,,,,,,
,Malaysia: 4.21048 101.97577,,,,,,
,Malaysia: 4.21048 101.97577,,,,,,
,Mali: 17.57069 -3.99617,,,,,,
,Mauritania: 21.00789 -10.94083,,,,,,
,Mexico: 19.0000 -99.0000,,,,,,
,Mexico: 19.0000 -99.0000,,,,,,
,Moldova: 47.41163 28.36989,,,,,,
,Montenegro: 42.70868 19.37439,,,,,,
,Namibia: -22.95764 18.49041,,,,,,
,Nepal: 28.39486 84.12401,,,,,,
,New Zealand: -40.90056 174.88597,,,,,,
,Nicaragua: 12.86542 -85.20723,,,,,,
,Nicaragua: 12.86542 -85.20723,,,,,,
,Niger: 17.60779 8.08167,,,,,,
,Panama: 8.53798 -80.78213,,,,,,
,Panama: 8.53798 -80.78213,,,,,,
,Panama: 8.53798 -80.78213,,,,,,
,Panama: 8.53798 -80.78213,,,,,,
,Panama: 8.53798 -80.78213,,,,,,
,Papua New Guinea: -6.31499 143.95555,,,,,,
,Papua New Guinea: -6.31499 143.95555,,,,,,
,Papua New Guinea: -6.31499 143.95555,,,,,,
,Paraguay: -23.44250 -58.44383,,,,,,
,Paraguay: -23.44250 -58.44383,,,,,,
,Paraguay: -23.44250 -58.44383,,,,,,
,Paraguay: -23.44250 -58.44383,,,,,,
,Paraguay: -23.44250 -58.44383,,,,,,
,Peru: -9.18997 -75.01515,,,,,,
,Peru: -9.18997 -75.01515,,,,,,
,Peru: -9.18997 -75.01515,,,,,,
,Peru: -9.18997 -75.01515,,,,,,
,Peru: -9.18997 -75.01515,,,,,,
,Peru: -9.18997 -75.01515,,,,,,
,Peru: -9.18997 -75.01515,,,,,,
,Philippines: 12.87972 121.77402,,,,,,
,Philippines: 12.87972 121.77402,,,,,,
,Philippines: 12.87972 121.77402,,,,,,
,Philippines: 12.87972 121.77402,,,,,,
,Philippines: 12.87972 121.77402,,,,,,
,Philippines: 12.87972 121.77402,,,,,,
,Romania: 45.94316 24.96676,,,,,,
,Rwanda: -1.94028 29.87389,,,,,,
,Saudi Arabia: 23.88594 45.07916,,,,,,
,Serbia: 44.01652 21.00586,,,,,,
,Sierra Leone: 8.46055 -11.77989,,,,,,
,Somalia: 5.15215 46.19962,,,,,,
,Spain: 40.46367 -3.74922,,,,,,
,Sudan: 12.86281 30.21764,,,,,,
,Suriname: 3.91931 -56.02778,,,,,,
,Suriname: 3.91931 -56.02778,,,,,,
,Switzerland: 46.81819 8.22751,,,,,,
,Taiwan: 23.69781 120.96052,,,,,,
,Thailand: 15.87003 100.99254,,,,,,
,Thailand: 15.87003 100.99254,,,,,,
,Thailand: 15.87003 100.99254,,,,,,
,Thailand: 15.87003 100.99254,,,,,,
,Thailand: 15.87003 100.99254,,,,,,
,Thailand: 15.87003 100.99254,,,,,,
,Thailand: 15.87003 100.99254,,,,,,
,Thailand: 15.87003 100.99254,,,,,,
,Thailand: 15.87003 100.99254,,,,,,
,Trinidad and Tobago: 10.69180 -61.22250,,,,,,
,Tunisia: 33.88692 9.53750,,,,,,
,Turkey: 38.96375 35.24332,,,,,,
,Turkey: 38.96375 35.24332,,,,,,
,Uganda: 1.37333 32.29028,,,,,,
,Ukraine: 48.37943 31.16558,,,,,,
,Uruguay: -32.52278 -55.76584,,,,,,
,Venezuela: 6.42375 -66.58973,,,,,,
,Venezuela: 6.42375 -66.58973,,,,,,
,Venezuela: 6.42375 -66.58973,,,,,,
,Venezuela: 6.42375 -66.58973,,,,,,
,Venezuela: 6.42375 -66.58973,,,,,,
,Vietnam: 14.05832 108.27720,,,,,,
,Vietnam: 14.05832 108.27720,,,,,,
,Vietnam: 14.05832 108.27720,,,,,,
,Vietnam: 14.05832 108.27720,,,,,,
,Vietnam: 14.05832 108.27720,,,,,,
,Vietnam: 14.05832 108.27720,,,,,,
,Vietnam: 14.05832 108.27720,,,,,,
,Vietnam: 14.05832 108.27720,,,,,,
,Vietnam: 14.05832 108.27720,,,,,,
,Vietnam: 14.05832 108.27720,,,,,,
,Vietnam: 14.05832 108.27720,,,,,,
,Yemen: 15.55273 48.51639,,,,,,
,Zambia: -13.13390 27.84933,,,,,,
,Afghanistan: 33.93911 67.70995,,,,,,
,Afghanistan: 33.93911 67.70995,Germany: 51.16569 10.45153,Turkmenistan: 38.96972 59.55628,,,Albania: 41.15333 20.16833,Chad: 15.45417 18.73221
,Afghanistan: 33.93911 67.70995,,,,,,
,Afghanistan: 33.93911 67.70995,,,,,Austria: 47.51623 14.55007,
,Afghanistan: 33.93911 67.70995,,Hungary: 47.16249 19.50330,,,Albania: 41.15333 20.16833,Croatia: 45.10000 15.20000
,Afghanistan: 33.93911 67.70995,,,,,,
,Albania: 41.15333 20.16833,,,,,Bangladesh: 23.68499 90.35633,
,Albania: 41.15333 20.16833,,,,,,
,Algeria: 28.03389 1.65963,,,,,,
,Algeria: 28.03389 1.65963,,,,,,
,Algeria: 28.03389 1.65963,,,,,Democratic Republic of the Congo: -4.03833 21.75866,Saudi Arabia: 23.88594 45.07916
,Algeria: 28.03389 1.65963,,Tunisia: 33.88692 9.53750,,Gibraltar: 36.1430 -5.3530,,
,Algeria: 28.03389 1.65963,,,,,Belgium: 50.50389 4.46994,
,Algeria: 28.03389 1.65963,,,,,Austria: 47.51623 14.55007,Macedonia (FYROM): 41.60863 21.74527
,Andorra: 42.50628 1.52180,,,,,Botswana: -22.32847 24.68487,
,Angola: -11.20269 17.87389,,,,,Lesotho: -29.60999 28.23361,
,Angola: -11.20269 17.87389,,,,,,
,Angola: -11.20269 17.87389,,,,,Liberia: 6.42805 -9.42950,
,Angola: -11.20269 17.87389,Democratic Republic of the Congo: -4.03833 21.75866,Burundi: -3.37306 29.91889,,,,
,Angola: -11.20269 17.87389,,,,,Morocco: 31.79170 -7.09262,
,Angola: -11.20269 17.87389,,,,,Democratic Republic of the Congo: -4.03833 21.75866,
,Angola: -11.20269 17.87389,,,,,Botswana: -22.32847 24.68487,
,Angola: -11.20269 17.87389,Benin: 9.30769 2.31583,The Gambia: 13.44318 -15.31014,,,,
,Angola: -11.20269 17.87389,,,,,Congo: -0.22802 15.82766,
,Angola: -11.20269 17.87389,,,,,Australia: -25.27440 133.77514,
,Anguilla: 18.22055 -63.06862,,Antigua and Barbuda: 17.06082 -61.79643,,,,
,Argentina: -38.41610 -63.61667,,,,,,
,Argentina: -38.41610 -63.61667,,,,,,
,Argentina: -38.41610 -63.61667,,,,,,Antarctica: -82.86275 -135.00000
,Argentina: -38.41610 -63.61667,,,,,,
,Argentina: -38.41610 -63.61667,,,,,,
,Argentina: -38.41610 -63.61667,,,,,,
,Argentina: -38.41610 -63.61667,,,,,,
,Argentina: -38.41610 -63.61667,,,,,,
,Argentina: -38.41610 -63.61667,,,,,Antarctica: -82.86275 -135.00000,
,Argentina: -38.41610 -63.61667,,,,,,
,Argentina: -38.41610 -63.61667,,,,,Antarctica: -82.86275 -135.00000,
,Argentina: -38.41610 -63.61667,,,,,,
,Argentina: -38.41610 -63.61667,,,,,Falkland Islands (Islas Malvinas): -51.79625 -59.52361,
,Armenia: 40.06910 45.03819,,,,,Azerbaijan: 40.14310 47.57693,Afghanistan: 33.93911 67.70995
,Armenia: 40.06910 45.03819,,,,,Bangladesh: 23.68499 90.35633,Niger: 17.60779 8.08167
,Armenia: 40.06910 45.03819,,,,,Afghanistan: 33.93911 67.70995,
,Armenia: 40.06910 45.03819,,,,,Czech Republic: 49.81749 15.47296,
,Armenia: 40.06910 45.03819,,,,,Belgium: 50.50389 4.46994,Montenegro: 42.70868 19.37439
,Australia: -25.27440 133.77514,,,,,,
,Australia: -25.27440 133.77514,,,,,,
,Australia: -25.27440 133.77514,,,,,,Bouvet Island: -54.42320 3.41319
,Australia: -25.27440 133.77514,,,,,,
,Australia: -25.27440 133.77514,,,,,,
,Australia: -25.27440 133.77514,,,,,Falkland Islands (Islas Malvinas): -51.79625 -59.52361,
,Australia: -25.27440 133.77514,,,,,,
,Austria: 47.51623 14.55007,,,,,Belarus: 53.70981 27.95339,Kyrgyzstan: 41.20438 74.76610
,Austria: 47.51623 14.55007,,,,,Burundi: -3.37306 29.91889,Qatar: 25.35483 51.18388
,Austria: 47.51623 14.55007,,,,,Algeria: 28.03389 1.65963,
,Azerbaijan: 40.14310 47.57693,,,,,Cameroon: 7.36972 12.35472,
,Azerbaijan: 40.14310 47.57693,,,,,Bosnia and Herzegovina: 43.91589 17.67908,
,Azerbaijan: 40.14310 47.57693,,,,,Denmark: 56.26392 9.50178,
,Azerbaijan: 40.14310 47.57693,,,,,Bosnia and Herzegovina: 43.91589 17.67908,West Bank: 31.94657 35.30272
,Bahrain: 26.06670 50.55770,,,,,Denmark: 56.26392 9.50178,
,Bangladesh: 23.68499 90.35633,,,Thailand: 15.87003 100.99254,Australia: -25.27440 133.77514,,
,Bangladesh: 23.68499 90.35633,Malaysia: 4.21048 101.97577,,,,,
,Bangladesh: 23.68499 90.35633,,,,,,
,Bangladesh: 23.68499 90.35633,,,,,,
,Bangladesh: 23.68499 90.35633,,Pakistan: 30.37532 69.34512,,,,
,Bangladesh: 23.68499 90.35633,,,,,,
,Bangladesh: 23.68499 90.35633,,,,,,
,Bangladesh: 23.68499 90.35633,Laos: 19.85627 102.49550,Pakistan: 30.37532 69.34512,,,,
,Bangladesh: 23.68499 90.35633,,,,,,
,Bangladesh: 23.68499 90.35633,North Korea: 40.33985 127.51009,Afghanistan: 33.93911 67.70995,,,,
,Bangladesh: 23.68499 90.35633,Pakistan: 30.37532 69.34512,,,,,
,Bangladesh: 23.68499 90.35633,,,,,China: 35.86166 104.19540,
,Bangladesh: 23.68499 90.35633,,,,,,
,Bangladesh: 23.68499 90.35633,,,,,Sri Lanka: 7.87305 80.77180,Guam: 13.44430 144.79373
,Belarus: 53.70981 27.95339,,,,,Egypt: 26.82055 30.80250,
,Belgium: 50.50389 4.46994,,,,,Faroe Islands: 61.89263 -6.91181,
,Belize: 17.18988 -88.49765,,,,,,
,Belize: 17.18988 -88.49765,,,,,,
,Belize: 17.18988 -88.49765,,,,,,
,Belize: 17.18988 -88.49765,,El Salvador: 13.79419 -88.89653,,,,
,Benin: 9.30769 2.31583,,,,,,
,Benin: 9.30769 2.31583,,,,,Egypt: 26.82055 30.80250,
,Benin: 9.30769 2.31583,Côte d'Ivoire: 7.1317 -5.5230,Cameroon: 7.36972 12.35472,,,,
,Benin: 9.30769 2.31583,,,,,,
,Benin: 9.30769 2.31583,,,,,Estonia: 58.59527 25.01361,
,Bhutan: 27.51416 90.43360,,,,Sri Lanka: 7.87305 80.77180,,
,Bhutan: 27.51416 90.43360,Vietnam: 14.05832 108.27720,Bangladesh: 23.68499 90.35633,,,,
,Bhutan: 27.51416 90.43360,,,,,,
,Bhutan: 27.51416 90.43360,,,,,,
,Bhutan: 27.51416 90.43360,,,,,,
,Bhutan: 27.51416 90.43360,,,,,,
,Bhutan: 27.51416 90.43360,,,,,,
,Bhutan: 27.51416 90.43360,,,,,,
,Bhutan: 27.51416 90.43360,,Iran: 32.42791 53.68805,,,,
,Bhutan: 27.51416 90.43360,,,,,,
,Bhutan: 27.51416 90.43360,,,,,,
,Bhutan: 27.51416 90.43360,,,,,,
,Bolivia: -16.29015 -63.58865,,,,,,
,Bolivia: -16.29015 -63.58865,,,,,,
,Bolivia: -16.29015 -63.58865,,,,,,
,Bolivia: -16.29015 -63.58865,,,,,,
,Bolivia: -16.29015 -63.58865,,,,,,
,Bolivia: -16.29015 -63.58865,,,,,,
,Bolivia: -16.29015 -63.58865,,Ecuador: -1.83124 -78.18341,,,,
,Bolivia: -16.29015 -63.58865,,,,,,
,Bolivia: -16.29015 -63.58865,,,,,,
,Bolivia: -16.29015 -63.58865,,,,,,
,Bolivia: -16.29015 -63.58865,,,,,,
,Bolivia: -16.29015 -63.58865,,,,,,
,Bolivia: -16.29015 -63.58865,,,,,,
,Bosnia and Herzegovina: 43.91589 17.67908,,,,,Finland: 61.92411 25.74815,
,Botswana: -22.32847 24.68487,,,,,,
,Botswana: -22.32847 24.68487,,,,,,
,Botswana: -22.32847 24.68487,Guinea-Bissau: 11.80375 -15.18041,Egypt: 26.82055 30.80250,,,,
,Botswana: -22.32847 24.68487,,,,,,
,Brazil: -14.23500 -51.92528,,,,,,
,Brazil: -14.23500 -51.92528,,,,,,
,Brazil: -14.23500 -51.92528,,,,,,
,Brazil: -14.23500 -51.92528,,,,,,
,Brazil: -14.23500 -51.92528,,,,,,
,Brazil: -14.23500 -51.92528,,,,,,
,Brazil: -14.23500 -51.92528,,,,,,
,Brazil: -14.23500 -51.92528,,,,,,
,Brazil: -14.23500 -51.92528,,,,,,
,Brazil: -14.23500 -51.92528,,,,,,
,Brazil: -14.23500 -51.92528,,,,,,
,Brazil: -14.23500 -51.92528,,,,,,
,Brazil: -14.23500 -51.92528,,,,,,
,Brazil: -14.23500 -51.92528,,,,,,
,Brazil: -14.23500 -51.92528,,,,,,
,Brazil: -14.23500 -51.92528,,,,,,
,Brazil: -14.23500 -51.92528,,,,,,
,Brazil: -14.23500 -51.92528,,,,,,
,Brazil: -14.23500 -51.92528,,,,,,
,Brazil: -14.23500 -51.92528,,,,,,
,Brazil: -14.23500 -51.92528,Argentina: -38.41610 -63.61667,,,,,
,Brazil: -14.23500 -51.92528,,,,,,
,Brazil: -14.23500 -51.92528,,,,,,
,Brazil: -14.23500 -51.92528,,,,,Mauritius: -20.34840 57.55215,
,Brazil: -14.23500 -51.92528,,,,,,
,Brazil: -14.23500 -51.92528,,,,,,
,Brazil: -14.23500 -51.92528,,,,,Israel: 31.04605 34.85161,
,Brazil: -14.23500 -51.92528,,,,,,
,Brazil: -14.23500 -51.92528,,,,,,
,Brazil: -14.23500 -51.92528,,,,,,
,Brazil: -14.23500 -51.92528,,,,,New Zealand: -40.90056 174.88597,
,Brazil: -14.23500 -51.92528,,,,,,
,Brunei Darussalam: 4.53528 114.72767,,,,,,
,Brunei Darussalam: 4.53528 114.72767,,,,,,
,Brunei Darussalam: 4.53528 114.72767,,,,,,
,Brunei Darussalam: 4.53528 114.72767,,,,,,
,Brunei Darussalam: 4.53528 114.72767,,,,,,
,Brunei Darussalam: 4.53528 114.72767,,,,,,
,Brunei Darussalam: 4.53528 114.72767,,,,,,
,Bulgaria: 42.73388 25.48583,,,,,Belgium: 50.50389 4.46994,Syria: 34.80208 38.99681
,Bulgaria: 42.73388 25.48583,,,,,Djibouti: 11.82514 42.59027,
,Bulgaria: 42.73388 25.48583,,,,,Greece: 39.07421 21.82431,
,Bulgaria: 42.73388 25.48583,,,,,Hungary: 47.16249 19.50330,
,Bulgaria: 42.73388 25.48583,,,,,Denmark: 56.26392 9.50178,Serbia: 44.01652 21.00586
,Burkina Faso: 12.23833 -1.56159,,,,,,
,Burkina Faso: 12.23833 -1.56159,,,,,Portugal: 39.39987 -8.22445,
,Burkina Faso: 12.23833 -1.56159,Mali: 17.57069 -3.99617,Eritrea: 15.17938 39.78233,,,,
,Burkina Faso: 12.23833 -1.56159,,,,,,
,Burkina Faso: 12.23833 -1.56159,,,,,Lesotho: -29.60999 28.23361,
,Burma: 21.91397 95.95622,,,,,,
,Burma: 21.91397 95.95622,,Sri Lanka: 7.87305 80.77180,,,,
,Burma: 21.91397 95.95622,,,,,,
,Burma: 21.91397 95.95622,,,,,,
,Burma: 21.91397 95.95622,,,,,,
,Burma: 21.91397 95.95622,,,,,,
,Burma: 21.91397 95.95622,,,,,,
,Burma: 21.91397 95.95622,,,,,,
,Burma: 21.91397 95.95622,,,,,,
,Burma: 21.91397 95.95622,,,,,,
,Burma: 21.91397 95.95622,,,,,,
,Burma: 21.91397 95.95622,,,,,,
,Burma: 21.91397 95.95622,,,,,,
,Burma: 21.91397 95.95622,,Turkmenistan: 38.96972 59.55628,,,,
,Burma: 21.91397 95.95622,,,,,,
,Burma: 21.91397 95.95622,,,,,,
,Burma: 21.91397 95.95622,,,,,,
,Burma: 21.91397 95.95622,,,,,,
,Burma: 21.91397 95.95622,,,,,,
,Burma: 21.91397 95.95622,,,,,,
,Burma: 21.91397 95.95622,,,,,,
,Burma: 21.91397 95.95622,,,,,,
,Burma: 21.91397 95.95622,,,,,,
,Burma: 21.91397 95.95622,,,,,,
,Burundi: -3.37306 29.91889,,,,,Angola: -11.20269 17.87389,
,Burundi: -3.37306 29.91889,,,,,,
,Burundi: -3.37306 29.91889,,,,,,
,Burundi: -3.37306 29.91889,,,,,Sierra Leone: 8.46055 -11.77989,
,Burundi: -3.37306 29.91889,,,,,,
,Burundi: -3.37306 29.91889,Burkina Faso: 12.23833 -1.56159,,,,,
,Cambodia: 12.56568 104.99096,,,,United States of America: 37.09024 -95.71289,,
,Cambodia: 12.56568 104.99096,,Bangladesh: 23.68499 90.35633,,,,
,Cambodia: 12.56568 104.99096,,Indonesia: -0.78927 113.92133,,,,
,Cambodia: 12.56568 104.99096,,,,,,
,Cambodia: 12.56568 104.99096,,,,,,
,Cambodia: 12.56568 104.99096,,,,,,
,Cambodia: 12.56568 104.99096,,,,,,
,Cambodia: 12.56568 104.99096,,,,,,
,Cambodia: 12.56568 104.99096,Burma: 21.91397 95.95622,,,,,
,Cambodia: 12.56568 104.99096,,,,,,
,Cambodia: 12.56568 104.99096,,,,,,
,Cambodia: 12.56568 104.99096,,,,,,
,Cambodia: 12.56568 104.99096,,,,,,
,Cambodia: 12.56568 104.99096,,Kazakhstan: 48.01957 66.92368,,,,
,Cambodia: 12.56568 104.99096,,Bangladesh: 23.68499 90.35633,,,,
,Cambodia: 12.56568 104.99096,,,,,,
,Cambodia: 12.56568 104.99096,,,,,,
,Cambodia: 12.56568 104.99096,,,,,,
,Cambodia: 12.56568 104.99096,Thailand: 15.87003 100.99254,,,,,
,Cambodia: 12.56568 104.99096,,,,,,
,Cambodia: 12.56568 104.99096,,,,,,
,Cambodia: 12.56568 104.99096,,,,,,
,Cameroon: 7.36972 12.35472,,,,,,
,Cameroon: 7.36972 12.35472,,,,,,
,Cameroon: 7.36972 12.35472,,,,,,
,Cameroon: 7.36972 12.35472,,,,,,
,Cameroon: 7.36972 12.35472,,,,,Zambia: -13.13390 27.84933,
,Cameroon: 7.36972 12.35472,,,,,,
,Cameroon: 7.36972 12.35472,,,,,,
,Cameroon: 7.36972 12.35472,,,,,Mongolia: 46.86250 103.84666,
,Cameroon: 7.36972 12.35472,Togo: 8.61954 0.82478,,,,,
,Cameroon: 7.36972 12.35472,,,,,,
,Canada: 56.13037 -106.34677,,,,,,
,Canada: 56.13037 -106.34677,,,,,,
,Canada: 56.13037 -106.34677,,Mexico: 19.0000 -99.0000,,,,
,Cape Verde: 15.12173 -23.60508,,,,,Mozambique: -18.66569 35.52956,
,Cayman Islands: 19.31330 -81.25460,,,,,,
,Central African Republic: 6.61111 20.93944,,,,,,
,Central African Republic: 6.61111 20.93944,,,,,,
,Central African Republic: 6.61111 20.93944,Nigeria: 9.08200 8.67528,Gabon: -0.80369 11.60944,,,,
,Central African Republic: 6.61111 20.93944,,,,,,
,Central African Republic: 6.61111 20.93944,,,,,Burma: 21.91397 95.95622,
,Central African Republic: 6.61111 20.93944,,,,,,
,Chad: 15.45417 18.73221,,,,,,
,Chad: 15.45417 18.73221,,,,,,
,Chad: 15.45417 18.73221,,,,,,
,Chad: 15.45417 18.73221,Togo: 8.61954 0.82478,The Gambia: 13.44318 -15.31014,,,,
,Chad: 15.45417 18.73221,,,,,,
,Chad: 15.45417 18.73221,,,,,Norway: 60.47202 8.46895,
,Chile: -35.67515 -71.54297,,,,,,
,Chile: -35.67515 -71.54297,,,,,,
,Chile: -35.67515 -71.54297,,,,,,
,Chile: -35.67515 -71.54297,,,,,,
,Chile: -35.67515 -71.54297,,,,,,
,Chile: -35.67515 -71.54297,,New Caledonia: -20.90431 165.61804,,,,American Samoa: -14.30594 -170.69620
,Chile: -35.67515 -71.54297,,,,,,Ecuador: -1.83124 -78.18341
,China: 35.86166 104.19540,,,,,,
,China: 35.86166 104.19540,,,,,,
,China: 35.86166 104.19540,,,,,Bangladesh: 23.68499 90.35633,
,China: 35.86166 104.19540,,,,,,
,China: 35.86166 104.19540,,,,,,
,China: 35.86166 104.19540,,Afghanistan: 33.93911 67.70995,Israel: 31.04605 34.85161,,,
,China: 35.86166 104.19540,,,,,,
,China: 35.86166 104.19540,,,,,Finland: 61.92411 25.74815,
,China: 35.86166 104.19540,,,,,Brunei Darussalam: 4.53528 114.72767,
,China: 35.86166 104.19540,,,,,,
,China: 35.86166 104.19540,,,,,Taiwan: 23.69781 120.96052,
,China: 35.86166 104.19540,,,,,,
,China: 35.86166 104.19540,,,,,,
,China: 35.86166 104.19540,,,,,,
,China: 35.86166 104.19540,,,,,,
,China: 35.86166 104.19540,,,,,,
,China: 35.86166 104.19540,Vietnam: 14.05832 108.27720,,,,,
,China: 35.86166 104.19540,,,,,,
,China: 35.86166 104.19540,,,,,,
,China: 35.86166 104.19540,,,,,,
,China: 35.86166 104.19540,,,,,,
,China: 35.86166 104.19540,,,,,,
,China: 35.86166 104.19540,,,,,,
,China: 35.86166 104.19540,,,,,,
,China: 35.86166 104.19540,,,,,,
,China: 35.86166 104.19540,,,,,Poland: 51.91944 19.14514,
,China: 35.86166 104.19540,Russian Federation: 61.52401 105.31876,Japan: 36.20482 138.25292,,,,
,China: 35.86166 104.19540,,,,,,
,China: 35.86166 104.19540,,,,,Egypt: 26.82055 30.80250,
,China: 35.86166 104.19540,,Kyrgyzstan: 41.20438 74.76610,,,,
,China: 35.86166 104.19540,,,,,,
,China: 35.86166 104.19540,,Nepal: 28.39486 84.12401,,,,
,China: 35.86166 104.19540,,India: 20.59368 78.96288,,,,
,China: 35.86166 104.19540,,,,,,
,China: 35.86166 104.19540,,,,,,
,China: 35.86166 104.19540,,,,,,
,China: 35.86166 104.19540,,,,,,
,China: 35.86166 104.19540,,,,,,
,China: 35.86166 104.19540,,,,,,
,China: 35.86166 104.19540,,,,,,
,China: 35.86166 104.19540,,,,,,
,China: 35.86166 104.19540,,,,,,
,China: 35.86166 104.19540,,,,,,
,China: 35.86166 104.19540,,,,,,
,China: 35.86166 104.19540,Vietnam: 14.05832 108.27720,,,,,
,China: 35.86166 104.19540,,,,,,
,China: 35.86166 104.19540,,,,,,
,China: 35.86166 104.19540,,,,,,
,China: 35.86166 104.19540,,,,,,
,Christmas Island: -10.44753 105.69045,,Mauritius: -20.34840 57.55215,,,Australia: -25.27440 133.77514,
,Colombia: 4.57087 -74.29733,,,,,,
,Colombia: 4.57087 -74.29733,,,,,,
,Colombia: 4.57087 -74.29733,,,,,,
,Colombia: 4.57087 -74.29733,,,,,,
,Colombia: 4.57087 -74.29733,Trinidad and Tobago: 10.69180 -61.22250,,,Puerto Rico: 18.22083 -66.59015,,
,Colombia: 4.57087 -74.29733,,,,,,
,Colombia: 4.57087 -74.29733,,,,,,
,Colombia: 4.57087 -74.29733,,,,,,
,Colombia: 4.57087 -74.29733,,,,,,
,Colombia: 4.57087 -74.29733,,,,,,
,Colombia: 4.57087 -74.29733,,,,,,
,Colombia: 4.57087 -74.29733,,,,,,
,Colombia: 4.57087 -74.29733,,,,,,
,Colombia: 4.57087 -74.29733,,,,,,
,Colombia: 4.57087 -74.29733,,,,,,
,Colombia: 4.57087 -74.29733,,,,,,
,Colombia: 4.57087 -74.29733,,,,,,
,Colombia: 4.57087 -74.29733,,,,,,
,Colombia: 4.57087 -74.29733,,,,,,
,Colombia: 4.57087 -74.29733,,,,,,
,Colombia: 4.57087 -74.29733,,,,,,
,Colombia: 4.57087 -74.29733,,Venezuela: 6.42375 -66.58973,,,,
,Comoros: -11.64550 43.33330,,,,,Somalia: 5.15215 46.19962,
,Congo: -0.22802 15.82766,,,,,,
,Costa Rica: 9.74892 -83.75343,,,,,,
,Costa Rica: 9.74892 -83.75343,,,,,,
,Costa Rica: 9.74892 -83.75343,,,,,,
,Costa Rica: 9.74892 -83.75343,,,,,,
,Costa Rica: 9.74892 -83.75343,,,,,Barbados: 13.19389 -59.54320,Antigua and Barbuda: 17.06082 -61.79643
,Costa Rica: 9.74892 -83.75343,,,,,,
,Côte d'Ivoire: 7.1317 -5.5230,,,,,,
,Côte d'Ivoire: 7.1317 -5.5230,,Nigeria: 9.08200 8.67528,,,,
,Côte d'Ivoire: 7.1317 -5.5230,,,,,,
,Côte d'Ivoire: 7.1317 -5.5230,,,,,,
,Côte d'Ivoire: 7.1317 -5.5230,,,,,,
,Côte d'Ivoire: 7.1317 -5.5230,,,,,,
,Côte d'Ivoire: 7.1317 -5.5230,,,,,Qatar: 25.35483 51.18388,
,Côte d'Ivoire: 7.1317 -5.5230,,,,,,
,Côte d'Ivoire: 7.1317 -5.5230,,,,,,
,Croatia: 45.10000 15.20000,,,,,Bosnia and Herzegovina: 43.91589 17.67908,Tajikistan: 38.86103 71.27609
,Croatia: 45.10000 15.20000,,,,,France: 46.22764 2.21375,
,Croatia: 45.10000 15.20000,,,,,Greenland: 71.70694 -42.60430,
,Croatia: 45.10000 15.20000,,,,,Russian Federation: 61.52401 105.31876,
,Cuba: 21.52176 -77.78117,,,,,,
,Cuba: 21.52176 -77.78117,,,,,,
,Cuba: 21.52176 -77.78117,,,,,,
,Cuba: 21.52176 -77.78117,,,,,,
,Cuba: 21.52176 -77.78117,,,,,Bermuda: 32.30780 -64.75050,Dominica: 15.41500 -61.37098
,Cuba: 21.52176 -77.78117,,,,,Turks and Caicos Islands: 21.69402 -71.79793,
,Cyprus: 35.12641 33.42986,,,,,South Korea: 35.90776 127.76692,
,Cyprus: 35.12641 33.42986,,,,,Slovakia: 48.66903 19.69902,
,Cyprus: 35.12641 33.42986,,,,,France: 46.22764 2.21375,
,Czech Republic: 49.81749 15.47296,,,,,Morocco: 31.79170 -7.09262,
,Czech Republic: 49.81749 15.47296,,,,,Iceland: 64.96305 -19.02084,
,Democratic Republic of the Congo: -4.03833 21.75866,,,,,Yemen: 15.55273 48.51639,
,Democratic Republic of the Congo: -4.03833 21.75866,,,,,,
,Democratic Republic of the Congo: -4.03833 21.75866,,,,,,
,Democratic Republic of the Congo: -4.03833 21.75866,,,,,,
,Democratic Republic of the Congo: -4.03833 21.75866,,,,,,
,Democratic Republic of the Congo: -4.03833 21.75866,,,,,,
,Democratic Republic of the Congo: -4.03833 21.75866,,,,,,
,Democratic Republic of the Congo: -4.03833 21.75866,,,,,,
,Denmark: 56.26392 9.50178,,,,,Israel: 31.04605 34.85161,
,Djibouti: 11.82514 42.59027,,,,,,
,Djibouti: 11.82514 42.59027,,,,,,
,Djibouti: 11.82514 42.59027,,,,,Slovenia: 46.15124 14.99546,
,Dominica: 15.41500 -61.37098,,,,,,
,Dominica: 15.41500 -61.37098,,Saint Kitts and Nevis: 17.35782 -62.78300,,,,
,Dominican Republic: 18.73569 -70.16265,Haiti: 18.97119 -72.28521,,,,,
,Dominican Republic: 18.73569 -70.16265,,,,,,
,Dominican Republic: 18.73569 -70.16265,,,,,Bonaire Sint Eustatius and Saba: 12.17836 -68.23853,French Guiana: 3.93389 -53.12578
,Dominican Republic: 18.73569 -70.16265,,,,,,
,Ecuador: -1.83124 -78.18341,,,,,,
,Ecuador: -1.83124 -78.18341,,,,,,
,Ecuador: -1.83124 -78.18341,,,,,,
,Ecuador: -1.83124 -78.18341,,,,,,
,Ecuador: -1.83124 -78.18341,,,,,,
,Ecuador: -1.83124 -78.18341,,,,,,
,Ecuador: -1.83124 -78.18341,,,,,,
,Ecuador: -1.83124 -78.18341,,,,,Panama: 8.53798 -80.78213,
,Ecuador: -1.83124 -78.18341,,,,,,
,Ecuador: -1.83124 -78.18341,,,,,,
,Egypt: 26.82055 30.80250,,,,,Senegal: 14.49740 -14.45236,
,Egypt: 26.82055 30.80250,,,,,,
,Egypt: 26.82055 30.80250,,,,,Sri Lanka: 7.87305 80.77180,
,El Salvador: 13.79419 -88.89653,,,,,,
,Equatorial Guinea: 1.65080 10.26789,,,,,,
,Equatorial Guinea: 1.65080 10.26789,,,,,,
,Equatorial Guinea: 1.65080 10.26789,,,,,,
,Equatorial Guinea: 1.65080 10.26789,,,,,,
,Eritrea: 15.17938 39.78233,,,,,Spain: 40.46367 -3.74922,
,Eritrea: 15.17938 39.78233,,,,,,
,Eritrea: 15.17938 39.78233,,,,,,
,Eritrea: 15.17938 39.78233,,,,,,
,Eritrea: 15.17938 39.78233,,,,,Svalbard and Jan Mayen: 77.55360 23.67027,
,Estonia: 58.59527 25.01361,,,,,Kyrgyzstan: 41.20438 74.76610,
,Ethiopia: 9.14500 40.48967,,,,,,
,Ethiopia: 9.14500 40.48967,,,,,,
,Ethiopia: 9.14500 40.48967,,Djibouti: 11.82514 42.59027,,,,
,Ethiopia: 9.14500 40.48967,,,,,Sweden: 60.12816 18.64350,
,Ethiopia: 9.14500 40.48967,,,,,,
,Ethiopia: 9.14500 40.48967,,,,,,
,Ethiopia: 9.14500 40.48967,,,,,,
,Ethiopia: 9.14500 40.48967,Uganda: 1.37333 32.29028,Ghana: 7.94653 -1.02319,,,,
,Ethiopia: 9.14500 40.48967,,,,,,
,Ethiopia: 9.14500 40.48967,,,,,Sweden: 60.12816 18.64350,
,Ethiopia: 9.14500 40.48967,,,,,,
,Falkland Islands (Islas Malvinas): -51.79625 -59.52361,,,,,,
,Falkland Islands (Islas Malvinas): -51.79625 -59.52361,,,,,Jordan: 30.58516 36.23841,
,Fiji: -17.71337 178.06503,,Vanuatu: -15.37671 166.95916,,,,Cook Islands: -21.23674 -159.77767
,Fiji: -17.71337 178.06503,,,,,,
,Finland: 61.92411 25.74815,,,,,Lebanon: 33.9270 35.6951,
,France: 46.22764 2.21375,,,,,Luxembourg: 49.81527 6.12958,
,France: 46.22764 2.21375,,,,,Switzerland: 46.81819 8.22751,
,French Guiana: 3.93389 -53.12578,,,,,,
,French Polynesia: -17.67974 -149.40684,,,,,,
,French Polynesia: -17.67974 -149.40684,,,,,,
,French Polynesia: -17.67974 -149.40684,,,,,,Niue: -19.05445 -169.86723
,French Polynesia: -17.67974 -149.40684,,New Zealand: -40.90056 174.88597,,,Fiji: -17.71337 178.06503,American Samoa: -14.30594 -170.69620
,French Polynesia: -17.67974 -149.40684,,,,,,
,French Southern and Antarctic Lands: -49.28037 69.34856,,,,,,
,French Southern and Antarctic Lands: -49.28037 69.34856,,,,,New Zealand: -40.90056 174.88597,
,Gabon: -0.80369 11.60944,,,,,,
,Georgia: 42.1902 43.2781,,,,,,
,Georgia: 42.1902 43.2781,,,,,Tanzania: -6.36903 34.88882,
,Georgia: 42.1902 43.2781,,,,,Macedonia (FYROM): 41.60863 21.74527,
,Georgia: 42.1902 43.2781,,,,,,
,Georgia: 42.1902 43.2781,,,,,Germany: 51.16569 10.45153,
,Germany: 51.16569 10.45153,,,,,Morocco: 31.79170 -7.09262,
,Ghana: 7.94653 -1.02319,,,,,,
,Ghana: 7.94653 -1.02319,,,,,,
,Ghana: 7.94653 -1.02319,,,,,,
,Ghana: 7.94653 -1.02319,,,,,,
,Ghana: 7.94653 -1.02319,,,,,,
,Ghana: 7.94653 -1.02319,,,,,,
,Ghana: 7.94653 -1.02319,,,,,,
,Gibraltar: 36.1430 -5.3530,,,,,,
,Greece: 39.07421 21.82431,,,,,China: 35.86166 104.19540,Turkmenistan: 38.96972 59.55628
,Greece: 39.07421 21.82431,,,,,,
,Greece: 39.07421 21.82431,,,,,,
,Greece: 39.07421 21.82431,,,,,,
,Greece: 39.07421 21.82431,,,,,Italy: 41.87194 12.56738,
,Guadeloupe: 16.26500 -61.55100,,Saint Martin: 18.08255 -63.05225,,,,
,Guam: 13.44430 144.79373,,,,,,
,Guatemala: 15.78347 -90.23076,,,,,,
,Guatemala: 15.78347 -90.23076,,,,,,
,Guatemala: 15.78347 -90.23076,,,,,,
,Guatemala: 15.78347 -90.23076,,,,,,
,Guatemala: 15.78347 -90.23076,,,,,,
,Guatemala: 15.78347 -90.23076,,,,,,
,Guatemala: 15.78347 -90.23076,,,,,,
,Guinea-Bissau: 11.80375 -15.18041,,,,,,
,Guinea-Bissau: 11.80375 -15.18041,,,,,,
,Guinea-Bissau: 11.80375 -15.18041,,,,,,
,Guinea-Bissau: 11.80375 -15.18041,,,,,,
,Guinea-Bissau: 11.80375 -15.18041,,,,,,
,Guinea-Bissau: 11.80375 -15.18041,,,,,,
,Guinea: 9.94559 -9.69665,,,,,,
,Guinea: 9.94559 -9.69665,,,,,,
,Guinea: 9.94559 -9.69665,,,,,,
,Guinea: 9.94559 -9.69665,,,,,,
,Guinea: 9.94559 -9.69665,,,,,,
,Guinea: 9.94559 -9.69665,,,,,,
,Guinea: 9.94559 -9.69665,,,,,,
,Guinea: 9.94559 -9.69665,,,,,,
,Guinea: 9.94559 -9.69665,,,,,,
,Guyana: 4.86042 -58.93018,,,,,,
,Guyana: 4.86042 -58.93018,,,,,,
,Guyana: 4.86042 -58.93018,,,,,,
,Haiti: 18.97119 -72.28521,,,,,,
,Haiti: 18.97119 -72.28521,,,,,Cayman Islands: 19.31330 -81.25460,Grenada: 12.11650 -61.67900
,Haiti: 18.97119 -72.28521,,,,,,
,Heard Island and McDonald Islands: -53.08181 73.50416,,,,,,
,Heard Island and McDonald Islands: -53.08181 73.50416,,,,,Réunion: -21.1144 55.5325,
,Honduras: 15.20000 -86.24191,,,,,,
,Honduras: 15.20000 -86.24191,,,,,,
,Honduras: 15.20000 -86.24191,,,,,,
,Honduras: 15.20000 -86.24191,,,,,,
,Honduras: 15.20000 -86.24191,,,,,,
,Honduras: 15.20000 -86.24191,,,,,,
,Hong Kong: 22.39643 114.10950,,,,,India: 20.59368 78.96288,
,Hong Kong: 22.39643 114.10950,,,,,Palau: 7.51498 134.58252,
,Hong Kong: 22.39643 114.10950,,,,,,
,Hong Kong: 22.39643 114.10950,,,,,,
,Hungary: 47.16249 19.50330,,,,,,
,Hungary: 47.16249 19.50330,,,,,Pakistan: 30.37532 69.34512,
,India: 20.59368 78.96288,,,,,,
,India: 20.59368 78.96288,,,,,,
,India: 20.59368 78.96288,,Laos: 19.85627 102.49550,,,,
,India: 20.59368 78.96288,,,,,,
,India: 20.59368 78.96288,,,,,,
,India: 20.59368 78.96288,,,,,,
,India: 20.59368 78.96288,,,,,,
,India: 20.59368 78.96288,,,,,,
,India: 20.59368 78.96288,,Armenia: 40.06910 45.03819,Kazakhstan: 48.01957 66.92368,,,
,India: 20.59368 78.96288,,,,,,
,India: 20.59368 78.96288,,,,,,
,India: 20.59368 78.96288,,,,,,
,India: 20.59368 78.96288,,,,,,
,India: 20.59368 78.96288,,,,,,
,India: 20.59368 78.96288,,,,,,
,India: 20.59368 78.96288,,,,,,
,India: 20.59368 78.96288,,,,,,
,India: 20.59368 78.96288,,,,,,
,India: 20.59368 78.96288,,,,,,
,India: 20.59368 78.96288,,,,,,
,India: 20.59368 78.96288,,,,,,
,India: 20.59368 78.96288,,,,,,
,India: 20.59368 78.96288,,,,,,
,India: 20.59368 78.96288,,,,,,
,India: 20.59368 78.96288,,,,,,
,India: 20.59368 78.96288,,,,,Libya: 26.33510 17.22833,
,India: 20.59368 78.96288,,Pakistan: 30.37532 69.34512,,,,
,India: 20.59368 78.96288,,,,,,
,India: 20.59368 78.96288,,,,,,
,India: 20.59368 78.96288,,,,,,
,India: 20.59368 78.96288,,,,,,
,India: 20.59368 78.96288,,,,,,
,India: 20.59368 78.96288,,,,,,
,India: 20.59368 78.96288,,,,,,
,India: 20.59368 78.96288,,,,,,
,India: 20.59368 78.96288,,,,,,
,India: 20.59368 78.96288,,,,,,
,India: 20.59368 78.96288,,,,,,
,India: 20.59368 78.96288,,,,,,
,Indonesia: -0.78927 113.92133,,,,,,
,Indonesia: -0.78927 113.92133,,,,,,
,Indonesia: -0.78927 113.92133,,,,,,
,Indonesia: -0.78927 113.92133,,Brunei Darussalam: 4.53528 114.72767,,,,
,Indonesia: -0.78927 113.92133,,,,,,
,Indonesia: -0.78927 113.92133,,,,,,
,Indonesia: -0.78927 113.92133,,,,,,
,Indonesia: -0.78927 113.92133,,,,,,
,Indonesia: -0.78927 113.92133,,,,,,
,Indonesia: -0.78927 113.92133,,,,,,
,Indonesia: -0.78927 113.92133,,,,,,
,Indonesia: -0.78927 113.92133,,,,,,
,Indonesia: -0.78927 113.92133,,,,,,
,Indonesia: -0.78927 113.92133,,,,,,
,Indonesia: -0.78927 113.92133,,,,,,
,Indonesia: -0.78927 113.92133,,,,,,
,Indonesia: -0.78927 113.92133,,,,,,
,Indonesia: -0.78927 113.92133,,,,,Vietnam: 14.05832 108.27720,
,Indonesia: -0.78927 113.92133,,,,,,
,Indonesia: -0.78927 113.92133,,,,,,
,Indonesia: -0.78927 113.92133,,,,,,
,Indonesia: -0.78927 113.92133,,,,,,
,Indonesia: -0.78927 113.92133,China: 35.86166 104.19540,,,,,
,Indonesia: -0.78927 113.92133,,,,,,
,Indonesia: -0.78927 113.92133,,,,,,
,Indonesia: -0.78927 113.92133,,,,,,
,Indonesia: -0.78927 113.92133,,,,,,
,Indonesia: -0.78927 113.92133,,,,,,
,Indonesia: -0.78927 113.92133,,,,,,
,Indonesia: -0.78927 113.92133,,,,,,
,Indonesia: -0.78927 113.92133,,,,,,
,Indonesia: -0.78927 113.92133,,,,,,
,Indonesia: -0.78927 113.92133,,,,,,
,Indonesia: -0.78927 113.92133,,,,,,
,Indonesia: -0.78927 113.92133,,Singapore: 1.35208 103.81984,,,,
,Indonesia: -0.78927 113.92133,,Seychelles: -4.67957 55.49198,,,,
,Indonesia: -0.78927 113.92133,,,,,,
,Indonesia: -0.78927 113.92133,,,,,,
,Indonesia: -0.78927 113.92133,,Malaysia: 4.21048 101.97577,,,,
,Indonesia: -0.78927 113.92133,,,,,,
,Indonesia: -0.78927 113.92133,,,,,,
,Indonesia: -0.78927 113.92133,,,,,,
,Indonesia: -0.78927 113.92133,,,,,,
,Indonesia: -0.78927 113.92133,,,,,,
,Indonesia: -0.78927 113.92133,,,,,,
,Indonesia: -0.78927 113.92133,,,,,,
,Indonesia: -0.78927 113.92133,,,,,Australia: -25.27440 133.77514,British Indian Ocean Territory: -7.33476 72.42423
,Indonesia: -0.78927 113.92133,,,,,,
,Indonesia: -0.78927 113.92133,,,,,,
,Indonesia: -0.78927 113.92133,,,,,,
,Indonesia: -0.78927 113.92133,,,,,,
,Indonesia: -0.78927 113.92133,,,,,,
,Indonesia: -0.78927 113.92133,,,,,,
,Indonesia: -0.78927 113.92133,,,,,,
,Indonesia: -0.78927 113.92133,,,,,,
,Iran: 32.42791 53.68805,,,,,Cyprus: 35.12641 33.42986,Uzbekistan: 41.37749 64.58526
,Iran: 32.42791 53.68805,,Iraq: 33.22319 43.67929,Israel: 31.04605 34.85161,,,
,Iran: 32.42791 53.68805,,Azerbaijan: 40.14310 47.57693,Saudi Arabia: 23.88594 45.07916,,,
,Iran: 32.42791 53.68805,,,,,,
,Iran: 32.42791 53.68805,,,,,Svalbard and Jan Mayen: 77.55360 23.67027,
,Iran: 32.42791 53.68805,,,,,,
,Iran: 32.42791 53.68805,,,,,,
,Iran: 32.42791 53.68805,,,,,Malta: 35.93750 14.37542,
,Iraq: 33.22319 43.67929,,,,,Denmark: 56.26392 9.50178,
,Iraq: 33.22319 43.67929,,,,,,
,Iraq: 33.22319 43.67929,,,,,,
,Iraq: 33.22319 43.67929,,,,,The Netherlands: 52.13263 5.29127,
,Ireland: 53.41291 -8.24389,,,,,Tajikistan: 38.86103 71.27609,
,Israel: 31.04605 34.85161,,,,,,
,Israel: 31.04605 34.85161,,,,,,
,Israel: 31.04605 34.85161,,,,,Poland: 51.91944 19.14514,
,Italy: 41.87194 12.56738,,,,,,
,Italy: 41.87194 12.56738,,,,,,
,Italy: 41.87194 12.56738,,,,,,
,Italy: 41.87194 12.56738,,,,,,
,Italy: 41.87194 12.56738,,,,,,
,Italy: 41.87194 12.56738,,,,,,
,Japan: 36.20482 138.25292,,,,,Mongolia: 46.86250 103.84666,
,Japan: 36.20482 138.25292,,,,,,
,Japan: 36.20482 138.25292,,Taiwan: 23.69781 120.96052,,,,
,Japan: 36.20482 138.25292,,,,,,
,Japan: 36.20482 138.25292,,,,,,
,Japan: 36.20482 138.25292,,,,,,
,Japan: 36.20482 138.25292,,,,,,
,Japan: 36.20482 138.25292,,,,,,
,Japan: 36.20482 138.25292,,,,,,
,Japan: 36.20482 138.25292,,,,,,
,Japan: 36.20482 138.25292,,,,,,
,Japan: 36.20482 138.25292,,,,,,
,Japan: 36.20482 138.25292,,,,,,
,Japan: 36.20482 138.25292,,,,,,
,Jordan: 30.58516 36.23841,,,,,,
,Jordan: 30.58516 36.23841,,,,,,
,Jordan: 30.58516 36.23841,,,,,Portugal: 39.39987 -8.22445,
,Kazakhstan: 48.01957 66.92368,,,,,Egypt: 26.82055 30.80250,
,Kazakhstan: 48.01957 66.92368,,,,,,
,Kazakhstan: 48.01957 66.92368,,,,,,
,Kazakhstan: 48.01957 66.92368,,,,,,
,Kazakhstan: 48.01957 66.92368,,,,,,
,Kazakhstan: 48.01957 66.92368,,,,,Saudi Arabia: 23.88594 45.07916,
,Kazakhstan: 48.01957 66.92368,,,,,,
,Kazakhstan: 48.01957 66.92368,,,,,,
,Kenya: -0.02356 37.90619,,,,,,
,Kenya: -0.02356 37.90619,,,,,,
,Kenya: -0.02356 37.90619,,,,,,
,Kenya: -0.02356 37.90619,,Somalia: 5.15215 46.19962,,,,
,Kenya: -0.02356 37.90619,,,,,,
,Kenya: -0.02356 37.90619,,,,,,
,Kenya: -0.02356 37.90619,,,,,,
,Kenya: -0.02356 37.90619,,Mauritania: 21.00789 -10.94083,,,,
,Kenya: -0.02356 37.90619,,,,,,
,Kenya: -0.02356 37.90619,,,,,,
,Kenya: -0.02356 37.90619,,,,,,
,Kiribati: 1.86686 -157.35992,,,,,,
,Kiribati: 1.86686 -157.35992,,,,,,Pitcairn Islands: -24.37649 -128.32437
,Kiribati: 1.86686 -157.35992,,Tonga: -21.17899 -175.19824,,,,Cook Islands: -21.23674 -159.77767
,Kiribati: 1.86686 -157.35992,,,,,,
,Kuwait: 29.31166 47.48177,,,,,,
,Kuwait: 29.31166 47.48177,,,,,,
,Kyrgyzstan: 41.20438 74.76610,,,,,,
,Kyrgyzstan: 41.20438 74.76610,,,,,,
,Kyrgyzstan: 41.20438 74.76610,,,,,,
,Kyrgyzstan: 41.20438 74.76610,,,,,Slovakia: 48.66903 19.69902,
,Kyrgyzstan: 41.20438 74.76610,,,,,,
,Laos: 19.85627 102.49550,,India: 20.59368 78.96288,,,,
,Laos: 19.85627 102.49550,,,,,,
,Laos: 19.85627 102.49550,,,,,,
,Laos: 19.85627 102.49550,,,,,,
,Laos: 19.85627 102.49550,,,,,,
,Laos: 19.85627 102.49550,,,,,,
,Laos: 19.85627 102.49550,,,,,,
,Laos: 19.85627 102.49550,,,,,,
,Laos: 19.85627 102.49550,,,,,,
,Laos: 19.85627 102.49550,,,,,,
,Laos: 19.85627 102.49550,,,,,,
,Laos: 19.85627 102.49550,,,,,,
,Laos: 19.85627 102.49550,,,,,,
,Laos: 19.85627 102.49550,,Tajikistan: 38.86103 71.27609,,,,
,Laos: 19.85627 102.49550,,,,,,
,Laos: 19.85627 102.49550,,,,,,
,Laos: 19.85627 102.49550,,,,,,
,Laos: 19.85627 102.49550,,,,,,
,Laos: 19.85627 102.49550,,,,,,
,Laos: 19.85627 102.49550,,,,,,
,Laos: 19.85627 102.49550,,,,,,
,Laos: 19.85627 102.49550,,,,,,
,Latvia: 56.87964 24.60319,,,,,,
,Lebanon: 33.9270 35.6951,,,,,,
,Lebanon: 33.9270 35.6951,,,,,,
,Lesotho: -29.60999 28.23361,,,,,,
,Liberia: 6.42805 -9.42950,,,,,,
,Liberia: 6.42805 -9.42950,,,,,,
,Liberia: 6.42805 -9.42950,,,,,,
,Liberia: 6.42805 -9.42950,,,,,,
,Liberia: 6.42805 -9.42950,,,,,,
,Liberia: 6.42805 -9.42950,,,,,,
,Libya: 26.33510 17.22833,,,,,,
,Libya: 26.33510 17.22833,,,,,,
,Libya: 26.33510 17.22833,,,,,,
,Lithuania: 55.16944 23.88127,,,,,,
,Macedonia (FYROM): 41.60863 21.74527,,,,,Finland: 61.92411 25.74815,
,Macedonia (FYROM): 41.60863 21.74527,,,,,,
,Madagascar: -18.76695 46.86911,,,,,,
,Madagascar: -18.76695 46.86911,,,,,,
,Madagascar: -18.76695 46.86911,,,,,,
,Madagascar: -18.76695 46.86911,,,,,Comoros: -11.64550 43.33330,
,Madagascar: -18.76695 46.86911,,,,,,
,Madagascar: -18.76695 46.86911,,,,,,
,Madagascar: -18.76695 46.86911,,,,,,
,Madagascar: -18.76695 46.86911,,,,,,
,Madagascar: -18.76695 46.86911,,,,,,
,Madagascar: -18.76695 46.86911,,,,,,
,Madagascar: -18.76695 46.86911,,,,,,
,Madagascar: -18.76695 46.86911,,,,,,
,Madagascar: -18.76695 46.86911,,,,,,
,Madagascar: -18.76695 46.86911,,,,,,
,Madagascar: -18.76695 46.86911,,,,,,
,Madagascar: -18.76695 46.86911,,,,,,
,Madagascar: -18.76695 46.86911,,,,,,
,Madagascar: -18.76695 46.86911,,,,,,
,Madagascar: -18.76695 46.86911,,,,,,
,Madagascar: -18.76695 46.86911,,,,,,
,Madagascar: -18.76695 46.86911,,,,,,
,Madagascar: -18.76695 46.86911,,,,,,
,Madagascar: -18.76695 46.86911,,,,,,
,Madagascar: -18.76695 46.86911,,,,,,
,Madagascar: -18.76695 46.86911,,,,,,
,Madagascar: -18.76695 46.86911,,,,,,
,Madagascar: -18.76695 46.86911,,,,,,
,Madagascar: -18.76695 46.86911,,,,,,
,Madagascar: -18.76695 46.86911,,,,,,
,Madagascar: -18.76695 46.86911,,,,,,
,Madagascar: -18.76695 46.86911,,,,,,
,Madagascar: -18.76695 46.86911,,,,,,
,Madagascar: -18.76695 46.86911,,,,,,
,Madagascar: -18.76695 46.86911,,,,,,
,Madagascar: -18.76695 46.86911,,,,,,
,Madagascar: -18.76695 46.86911,,,,,,
,Madagascar: -18.76695 46.86911,,,,,,
,Madagascar: -18.76695 46.86911,,,,,,
,Madagascar: -18.76695 46.86911,,,,,,
,Malawi: -13.25431 34.30152,,,,,,
,Malawi: -13.25431 34.30152,,,,,,
,Malawi: -13.25431 34.30152,,,,,,
,Malawi: -13.25431 34.30152,,Rwanda: -1.94028 29.87389,,,,
,Malawi: -13.25431 34.30152,,,,,,
,Malaysia: 4.21048 101.97577,,,,,,
,Malaysia: 4.21048 101.97577,,,,,,
,Malaysia: 4.21048 101.97577,,,,,,
,Malaysia: 4.21048 101.97577,,,,,,
,Malaysia: 4.21048 101.97577,,,,,,
,Malaysia: 4.21048 101.97577,,,,,,
,Malaysia: 4.21048 101.97577,,,,,,
,Malaysia: 4.21048 101.97577,,,,,,
,Malaysia: 4.21048 101.97577,,,,,,
,Malaysia: 4.21048 101.97577,,,,,,
,Malaysia: 4.21048 101.97577,,,,,,
,Malaysia: 4.21048 101.97577,,,,,,
,Malaysia: 4.21048 101.97577,,Turkey: 38.96375 35.24332,,,,
,Malaysia: 4.21048 101.97577,,,,,,
,Malaysia: 4.21048 101.97577,,,,,,
,Malaysia: 4.21048 101.97577,,,,,,
,Malaysia: 4.21048 101.97577,,,,,,
,Malaysia: 4.21048 101.97577,,,,,,
,Malaysia: 4.21048 101.97577,,,,,,
,Malaysia: 4.21048 101.97577,,,,,,
,Mali: 17.57069 -3.99617,,,,,,
,Mali: 17.57069 -3.99617,,,,,,
,Mali: 17.57069 -3.99617,,,,,,
,Mali: 17.57069 -3.99617,,,,,,
,Mali: 17.57069 -3.99617,,,,,,
,Mali: 17.57069 -3.99617,,,,,,
,Mali: 17.57069 -3.99617,,,,,,
,Malta: 35.93750 14.37542,,,,,,
,Malta: 35.93750 14.37542,,,,,,
,Martinique: 14.64153 -61.02417,,,,,,
,Mauritania: 21.00789 -10.94083,,,,,,
,Mauritania: 21.00789 -10.94083,,,,,,
,Mauritania: 21.00789 -10.94083,,,,,,
,Mauritania: 21.00789 -10.94083,,,,,,
,Mauritania: 21.00789 -10.94083,,,,,,
,Mauritius: -20.34840 57.55215,,,,,,
,Mayotte: -12.82750 45.16624,,,,,,
,Mexico: 19.0000 -99.0000,,,,,,
,Mexico: 19.0000 -99.0000,,,,,,
,Mexico: 19.0000 -99.0000,,,,,,
,Mexico: 19.0000 -99.0000,,,,Puerto Rico: 18.22083 -66.59015,,
,Mexico: 19.0000 -99.0000,,,,United States of America: 37.09024 -95.71289,,
,Mexico: 19.0000 -99.0000,,,,,,
,Mexico: 19.0000 -99.0000,,,,,,
,Mexico: 19.0000 -99.0000,,,,,,
,Mexico: 19.0000 -99.0000,,,,,,
,Mexico: 19.0000 -99.0000,,,,,,
,Mexico: 19.0000 -99.0000,,,,,,
,Mexico: 19.0000 -99.0000,,,United States of America: 37.09024 -95.71289,,,
,Mexico: 19.0000 -99.0000,,,,,,
,Mexico: 19.0000 -99.0000,,,,,,
,Mexico: 19.0000 -99.0000,,,,,,
,Mexico: 19.0000 -99.0000,,,,,,
,Micronesia: 6.88746 158.21507,,,,,,
,Moldova: 47.41163 28.36989,,,,,France: 46.22764 2.21375,
,Moldova: 47.41163 28.36989,,,,,,
,Moldova: 47.41163 28.36989,,,,,,
,Mongolia: 46.86250 103.84666,,,,,,
,Mongolia: 46.86250 103.84666,,Georgia: 42.1902 43.2781,Ukraine: 48.37943 31.16558,,,
,Mongolia: 46.86250 103.84666,,,,,,
,Mongolia: 46.86250 103.84666,,,,,,
,Mongolia: 46.86250 103.84666,,,,,,
,Mongolia: 46.86250 103.84666,,,,,Slovenia: 46.15124 14.99546,
,Mongolia: 46.86250 103.84666,,,,,,
,Montenegro: 42.70868 19.37439,,,,,Georgia: 42.1902 43.2781,
,Montenegro: 42.70868 19.37439,,,,,,
,Montenegro: 42.70868 19.37439,,,,,,
,Montenegro: 42.70868 19.37439,,,,,,
,Montenegro: 42.70868 19.37439,,,,,,
,Morocco: 31.79170 -7.09262,,,,,,
,Morocco: 31.79170 -7.09262,,,,,,
,Morocco: 31.79170 -7.09262,,,,,,
,Morocco: 31.79170 -7.09262,,,,,Switzerland: 46.81819 8.22751,
,Mozambique: -18.66569 35.52956,,,,,,
,Mozambique: -18.66569 35.52956,,,,,,
,Mozambique: -18.66569 35.52956,,,,,,
,Mozambique: -18.66569 35.52956,,Sierra Leone: 8.46055 -11.77989,,,,
,Mozambique: -18.66569 35.52956,,,,,,
,Mozambique: -18.66569 35.52956,,,,,,
,Mozambique: -18.66569 35.52956,,,,,Gabon: -0.80369 11.60944,
,Mozambique: -18.66569 35.52956,,,,,United States of America: 37.09024 -95.71289,
,Namibia: -22.95764 18.49041,,,,,,
,Namibia: -22.95764 18.49041,,,,,,
,Namibia: -22.95764 18.49041,,Swaziland: -26.52250 31.46587,,,,
,Namibia: -22.95764 18.49041,,,,,,
,Namibia: -22.95764 18.49041,,,,,,
,Namibia: -22.95764 18.49041,,,,,,
,Namibia: -22.95764 18.49041,,,,,South Georgia and the South Sandwich Islands: -54.42958 -36.58791,
,Namibia: -22.95764 18.49041,,,,,,
,Namibia: -22.95764 18.49041,,,,,,
,Nepal: 28.39486 84.12401,,,,,,
,Nepal: 28.39486 84.12401,,,,,,
,Nepal: 28.39486 84.12401,,,,,,
,Nepal: 28.39486 84.12401,,,,,,
,Nepal: 28.39486 84.12401,,,,,,
,Nepal: 28.39486 84.12401,,,,,,
,Nepal: 28.39486 84.12401,,,,,,
,Nepal: 28.39486 84.12401,,,,,,
,Nepal: 28.39486 84.12401,,,,,,
,Nepal: 28.39486 84.12401,,,,,,
,Nepal: 28.39486 84.12401,,,,,,
,Nepal: 28.39486 84.12401,,,,,,
,Nepal: 28.39486 84.12401,,,,,,
,Nepal: 28.39486 84.12401,,Uzbekistan: 41.37749 64.58526,,,,
,Nepal: 28.39486 84.12401,,,,,,
,Nepal: 28.39486 84.12401,,,,,,
,Nepal: 28.39486 84.12401,,,,,,
,Nepal: 28.39486 84.12401,,,,,,
,New Caledonia: -20.90431 165.61804,,,,,,
,New Caledonia: -20.90431 165.61804,,,,,,
,New Zealand: -40.90056 174.88597,,,,,,
,New Zealand: -40.90056 174.88597,,,,,,
,New Zealand: -40.90056 174.88597,,,,,,
,New Zealand: -40.90056 174.88597,,,,,,
,New Zealand: -40.90056 174.88597,,,,,,
,New Zealand: -40.90056 174.88597,,,,,,
,New Zealand: -40.90056 174.88597,,,,,,
,New Zealand: -40.90056 174.88597,,,,,,
,Nicaragua: 12.86542 -85.20723,,,,,,
,Nicaragua: 12.86542 -85.20723,,,,,,
,Nicaragua: 12.86542 -85.20723,,,,,,
,Niger: 17.60779 8.08167,,,,,,
,Niger: 17.60779 8.08167,,,,,,
,Niger: 17.60779 8.08167,,,,,,
,Niger: 17.60779 8.08167,,,,,,
,Niger: 17.60779 8.08167,,,,,,
,Niger: 17.60779 8.08167,,,,,,
,Nigeria: 9.08200 8.67528,,,,,,
,Nigeria: 9.08200 8.67528,,,,,,
,Nigeria: 9.08200 8.67528,,,,,,
,Nigeria: 9.08200 8.67528,,,,,,
,Nigeria: 9.08200 8.67528,,,,,,
,Nigeria: 9.08200 8.67528,,,,,,
,Nigeria: 9.08200 8.67528,,,,,,
,North Korea: 40.33985 127.51009,,,,,Burma: 21.91397 95.95622,
,North Korea: 40.33985 127.51009,,,,,,
,North Korea: 40.33985 127.51009,,,,,,
,North Korea: 40.33985 127.51009,,,,,,
,Northern Mariana Islands: 15.09790 145.67390,,Guam: 13.44430 144.79373,,,,
,Northern Mariana Islands: 15.09790 145.67390,,,,,,
,Northern Mariana Islands: 15.09790 145.67390,,Guam: 13.44430 144.79373,,,,
,Norway: 60.47202 8.46895,,,,,,
,Oman: 21.51258 55.92325,United Arab Emirates: 23.42408 53.84782,,,,,
,Oman: 21.51258 55.92325,,,,,,
,Oman: 21.51258 55.92325,,,,,,
,Pakistan: 30.37532 69.34512,,,,,,
,Pakistan: 30.37532 69.34512,,,,,,
,Pakistan: 30.37532 69.34512,,,,,,
,Pakistan: 30.37532 69.34512,,,,,,
,Pakistan: 30.37532 69.34512,,,,,,
,Pakistan: 30.37532 69.34512,,,,,,
,Pakistan: 30.37532 69.34512,,,,,,
,Pakistan: 30.37532 69.34512,,,,,,
,Pakistan: 30.37532 69.34512,,,,,,
,Palau: 7.51498 134.58252,,,,,,
,Panama: 8.53798 -80.78213,,,,,,
,Panama: 8.53798 -80.78213,,,,,,
,Panama: 8.53798 -80.78213,,,,,,
,Panama: 8.53798 -80.78213,,,,,,
,Papua New Guinea: -6.31499 143.95555,,,,,,
,Papua New Guinea: -6.31499 143.95555,,,,,,
,Papua New Guinea: -6.31499 143.95555,,,,,,
,Papua New Guinea: -6.31499 143.95555,,,,,,
,Papua New Guinea: -6.31499 143.95555,,,,,,
,Papua New Guinea: -6.31499 143.95555,,,,,,
,Papua New Guinea: -6.31499 143.95555,,,,,,
,Papua New Guinea: -6.31499 143.95555,,,,,,
,Papua New Guinea: -6.31499 143.95555,,,,,,
,Papua New Guinea: -6.31499 143.95555,,,,,,
,Paraguay: -23.44250 -58.44383,,,,,,
,Paraguay: -23.44250 -58.44383,,,,,,
,Paraguay: -23.44250 -58.44383,,,,,,
,Paraguay: -23.44250 -58.44383,,,,,,
,Paraguay: -23.44250 -58.44383,,,,,,
,Paraguay: -23.44250 -58.44383,,,,,,
,Paraguay: -23.44250 -58.44383,,,,,,
,Paraguay: -23.44250 -58.44383,,,,,,
,Peru: -9.18997 -75.01515,,,,,,
,Peru: -9.18997 -75.01515,,,,,,
,Peru: -9.18997 -75.01515,,,,,,
,Peru: -9.18997 -75.01515,,,,,,
,Peru: -9.18997 -75.01515,,,,,,
,Peru: -9.18997 -75.01515,,,,,,
,Peru: -9.18997 -75.01515,,,,,,
,Peru: -9.18997 -75.01515,,,,,,
,Peru: -9.18997 -75.01515,,,,,,
,Peru: -9.18997 -75.01515,,,,,,
,Peru: -9.18997 -75.01515,,,,,,
,Peru: -9.18997 -75.01515,,,,,,
,Peru: -9.18997 -75.01515,,,,,,
,Peru: -9.18997 -75.01515,,,,,,
,Peru: -9.18997 -75.01515,,,,,,
,Peru: -9.18997 -75.01515,,,,,,
,Philippines: 12.87972 121.77402,,,,,,
,Philippines: 12.87972 121.77402,,,,,,
,Philippines: 12.87972 121.77402,,,,,,
,Philippines: 12.87972 121.77402,,,,,,
,Philippines: 12.87972 121.77402,,,,,,
,Philippines: 12.87972 121.77402,,,,,,
,Philippines: 12.87972 121.77402,,,,,,
,Philippines: 12.87972 121.77402,,,,,,
,Philippines: 12.87972 121.77402,,,,,,
,Philippines: 12.87972 121.77402,,,,,,
,Philippines: 12.87972 121.77402,,,,,,
,Philippines: 12.87972 121.77402,,,,,,
,Philippines: 12.87972 121.77402,,,,,,
,Philippines: 12.87972 121.77402,,,,,,
,Pitcairn Islands: -24.37649 -128.32437,,,,,,Niue: -19.05445 -169.86723
,Poland: 51.91944 19.14514,,,,,,
,Poland: 51.91944 19.14514,,,,,,
,Portugal: 39.39987 -8.22445,,,,,,
,Portugal: 39.39987 -8.22445,,,,,,
,Portugal: 39.39987 -8.22445,,,,,,
,Portugal: 39.39987 -8.22445,,,,,,
,Portugal: 39.39987 -8.22445,,,,,,
,Portugal: 39.39987 -8.22445,,,,,,
,Réunion: -21.1144 55.5325,,,,,,
,Réunion: -21.1144 55.5325,,,,,,
,Réunion: -21.1144 55.5325,,,,,Mauritius: -20.34840 57.55215,Christmas Island: -10.44753 105.69045
,Réunion: -21.1144 55.5325,,,,,,
,Romania: 45.94316 24.96676,,,,,Germany: 51.16569 10.45153,
,Romania: 45.94316 24.96676,,,,,,
,Romania: 45.94316 24.96676,,,,,,
,Romania: 45.94316 24.96676,,,,,,
,Romania: 45.94316 24.96676,,,,,,
,Russian Federation: 61.52401 105.31876,,,,,Greenland: 71.70694 -42.60430,
,Russian Federation: 61.52401 105.31876,,,,,Hungary: 47.16249 19.50330,
,Russian Federation: 61.52401 105.31876,,,,,India: 20.59368 78.96288,
,Russian Federation: 61.52401 105.31876,,,,,,
,Russian Federation: 61.52401 105.31876,,,,,,
,Russian Federation: 61.52401 105.31876,,,,,,
,Russian Federation: 61.52401 105.31876,,,,,,
,Russian Federation: 61.52401 105.31876,,,,,,
,Russian Federation: 61.52401 105.31876,,,,,,
,Russian Federation: 61.52401 105.31876,,,,,,
,Russian Federation: 61.52401 105.31876,,,,,,
,Russian Federation: 61.52401 105.31876,,,,,,
,Russian Federation: 61.52401 105.31876,,,,,,
,Russian Federation: 61.52401 105.31876,,,,,,
,Russian Federation: 61.52401 105.31876,,,,,,
,Russian Federation: 61.52401 105.31876,,,,,,
,Russian Federation: 61.52401 105.31876,,,,,,
,Russian Federation: 61.52401 105.31876,,,,,,
,Russian Federation: 61.52401 105.31876,,,,,,
,Russian Federation: 61.52401 105.31876,,,,,,
,Russian Federation: 61.52401 105.31876,,,,,,
,Russian Federation: 61.52401 105.31876,,,,,,
,Russian Federation: 61.52401 105.31876,,,,,,
,Russian Federation: 61.52401 105.31876,,,,,,
,Rwanda: -1.94028 29.87389,,,,,,
,Rwanda: -1.94028 29.87389,,,,,,
,Rwanda: -1.94028 29.87389,,,,,,
,Rwanda: -1.94028 29.87389,,,,,,
,Rwanda: -1.94028 29.87389,,,,,,
,Rwanda: -1.94028 29.87389,,,,,,
,Rwanda: -1.94028 29.87389,,,,,,
,Saint Barthélemy: 17.9000 -62.8333,,,,,,
,Saint Helena: -15.9500 -5.7000,,,,,,
,Saint Helena: -15.9500 -5.7000,,,,,,
,Saint Helena: -15.9500 -5.7000,,,,,South Georgia and the South Sandwich Islands: -54.42958 -36.58791,
,Saint Helena: -15.9500 -5.7000,,,,,,
,Saint Helena: -15.9500 -5.7000,,,,,,
,Samoa: -13.75903 -172.10463,,,,,,
,Sao Tomé and Principe: 0.3176 6.6688,,,,,,
,Saudi Arabia: 23.88594 45.07916,,,,,,
,Saudi Arabia: 23.88594 45.07916,,,,,,
,Senegal: 14.49740 -14.45236,,,,,,
,Senegal: 14.49740 -14.45236,,,,,,
,Senegal: 14.49740 -14.45236,,,,,,
,Senegal: 14.49740 -14.45236,,,,,,
,Senegal: 14.49740 -14.45236,,,,,,
,Senegal: 14.49740 -14.45236,,,,,,
,Senegal: 14.49740 -14.45236,,,,,,
,Serbia: 44.01652 21.00586,,,,,Ireland: 53.41291 -8.24389,
,Serbia: 44.01652 21.00586,,,,,,
,Serbia: 44.01652 21.00586,,,,,,
,Serbia: 44.01652 21.00586,,,,,,
,Seychelles: -4.67957 55.49198,,,,,,
,Seychelles: -4.67957 55.49198,,,,,,
,Seychelles: -4.67957 55.49198,,,,,,
,Seychelles: -4.67957 55.49198,,,,,,
,Sierra Leone: 8.46055 -11.77989,,,,,,
,Sierra Leone: 8.46055 -11.77989,,,,,,
,Sierra Leone: 8.46055 -11.77989,,,,,,
,Sierra Leone: 8.46055 -11.77989,,,,,,
,Sierra Leone: 8.46055 -11.77989,,,,,,
,Sierra Leone: 8.46055 -11.77989,,,,,,
,Sierra Leone: 8.46055 -11.77989,,,,,,
,Singapore: 1.35208 103.81984,,,,,,
,Singapore: 1.35208 103.81984,,,,,,
,Singapore: 1.35208 103.81984,,,,,,
,Slovakia: 48.66903 19.69902,,,,,,
,Slovakia: 48.66903 19.69902,,,,,,
,Slovenia: 46.15124 14.99546,,,,,,
,Solomon Islands: -9.64571 160.15619,,,,,,
,Solomon Islands: -9.64571 160.15619,,,,,,
,Solomon Islands: -9.64571 160.15619,,,,,,
,Solomon Islands: -9.64571 160.15619,,,,,,
,Solomon Islands: -9.64571 160.15619,,,,,,
,Solomon Islands: -9.64571 160.15619,,,,,,
,Solomon Islands: -9.64571 160.15619,,,,,,
,Solomon Islands: -9.64571 160.15619,,,,,,
,Solomon Islands: -9.64571 160.15619,,,,,,
,Somalia: 5.15215 46.19962,Ethiopia: 9.14500 40.48967,,,,,
,Somalia: 5.15215 46.19962,,,,,,
,Somalia: 5.15215 46.19962,,,,,,
,Somalia: 5.15215 46.19962,,,,,,
,Somalia: 5.15215 46.19962,,,,,,
,Somalia: 5.15215 46.19962,,,,,,
,South Africa: -30.55948 22.93751,,,,,,
,South Africa: -30.55948 22.93751,,,,,,
,South Africa: -30.55948 22.93751,,,,,,
,South Africa: -30.55948 22.93751,,,,,,
,South Africa: -30.55948 22.93751,,,,,,
,South Africa: -30.55948 22.93751,,,,,,
,South Africa: -30.55948 22.93751,,,,,,
,South Africa: -30.55948 22.93751,,,,,,
,South Africa: -30.55948 22.93751,,,,,,
,South Africa: -30.55948 22.93751,,,,,,
,South Africa: -30.55948 22.93751,,,,,,
,South Africa: -30.55948 22.93751,,,,,,
,South Georgia and the South Sandwich Islands: -54.42958 -36.58791,,,,,,
,South Korea: 35.90776 127.76692,,,,,Philippines: 12.87972 121.77402,
,South Korea: 35.90776 127.76692,,,,,,
,South Korea: 35.90776 127.76692,,,,,,
,South Korea: 35.90776 127.76692,,,,,,
,South Korea: 35.90776 127.76692,,,,,,
,South Sudan: 7.96309 30.15893,,,,,,
,South Sudan: 7.96309 30.15893,,,,,,
,South Sudan: 7.96309 30.15893,,,,,,
,South Sudan: 7.96309 30.15893,,,,,,
,South Sudan: 7.96309 30.15893,,,,,,
,Spain: 40.46367 -3.74922,,,,,,
,Spain: 40.46367 -3.74922,,,,,,
,Spain: 40.46367 -3.74922,,,,,,
,Spain: 40.46367 -3.74922,,,,,,
,Spain: 40.46367 -3.74922,,,,,,
,Spain: 40.46367 -3.74922,,,,,,
,Spain: 40.46367 -3.74922,,,,,,
,Spain: 40.46367 -3.74922,,,,,,
,Spain: 40.46367 -3.74922,,,,,,
,Spain: 40.46367 -3.74922,,,,,,
,Spain: 40.46367 -3.74922,,,,,,
,Sri Lanka: 7.87305 80.77180,,,,,,
,Sri Lanka: 7.87305 80.77180,,,,,,
,Sri Lanka: 7.87305 80.77180,,,,,,
,Sri Lanka: 7.87305 80.77180,,,,,,
,Sri Lanka: 7.87305 80.77180,,,,,,
,Sudan: 12.86281 30.21764,,,,,,
,Sudan: 12.86281 30.21764,,,,,,
,Sudan: 12.86281 30.21764,,,,,,
,Sudan: 12.86281 30.21764,,,,,,
,Sudan: 12.86281 30.21764,,,,,,
,Sudan: 12.86281 30.21764,,,,,,
,Sudan: 12.86281 30.21764,,,,,,
,Sudan: 12.86281 30.21764,,,,,,
,Sudan: 12.86281 30.21764,,,,,,
,Suriname: 3.91931 -56.02778,,,,,,
,Swaziland: -26.52250 31.46587,,,,,,
,Swaziland: -26.52250 31.46587,,,,,,
,Swaziland: -26.52250 31.46587,,,,,,
,Sweden: 60.12816 18.64350,,,,,,
,Switzerland: 46.81819 8.22751,,,,,,
,Syria: 34.80208 38.99681,,,,,,
,Syria: 34.80208 38.99681,,,,,,
,Syria: 34.80208 38.99681,,,,,,
,Taiwan: 23.69781 120.96052,,,,,,
,Taiwan: 23.69781 120.96052,,,,,,
,Taiwan: 23.69781 120.96052,,,,,,
,Taiwan: 23.69781 120.96052,,,,,,
,Taiwan: 23.69781 120.96052,,,,,,
,Tajikistan: 38.86103 71.27609,,,,,,
,Tajikistan: 38.86103 71.27609,,,,,,
,Tajikistan: 38.86103 71.27609,,,,,,
,Tajikistan: 38.86103 71.27609,,,,,,
,Tajikistan: 38.86103 71.27609,,,,,,
,Tajikistan: 38.86103 71.27609,,,,,,
,Tanzania: -6.36903 34.88882,,,,,,
,Tanzania: -6.36903 34.88882,,,,,,
,Tanzania: -6.36903 34.88882,,,,,,
,Tanzania: -6.36903 34.88882,,,,,,
,Tanzania: -6.36903 34.88882,,,,,,
,Tanzania: -6.36903 34.88882,,,,,,
,Tanzania: -6.36903 34.88882,,,,,,
,Tanzania: -6.36903 34.88882,,,,,,
,Tanzania: -6.36903 34.88882,,,,,,
,Tanzania: -6.36903 34.88882,,,,,,
,Tanzania: -6.36903 34.88882,,,,,,
,Tanzania: -6.36903 34.88882,,,,,,
,Tanzania: -6.36903 34.88882,,,,,,
,Tanzania: -6.36903 34.88882,,,,,,
,Thailand: 15.87003 100.99254,,,,,,
,Thailand: 15.87003 100.99254,,,,,,
,Thailand: 15.87003 100.99254,,,,,,
,Thailand: 15.87003 100.99254,,,,,,
,Thailand: 15.87003 100.99254,,,,,,
,Thailand: 15.87003 100.99254,,,,,,
,Thailand: 15.87003 100.99254,,,,,,
,Thailand: 15.87003 100.99254,,,,,,
,Thailand: 15.87003 100.99254,,,,,,
,Thailand: 15.87003 100.99254,,,,,,
,Thailand: 15.87003 100.99254,,,,,,
,Thailand: 15.87003 100.99254,,,,,,
,Thailand: 15.87003 100.99254,,,,,,
,Thailand: 15.87003 100.99254,,,,,,
,Thailand: 15.87003 100.99254,,,,,,
,Thailand: 15.87003 100.99254,,,,,,
,Thailand: 15.87003 100.99254,,,,,,
,Thailand: 15.87003 100.99254,,,,,,
,Thailand: 15.87003 100.99254,,,,,,
,Thailand: 15.87003 100.99254,,,,,,
,Thailand: 15.87003 100.99254,,,,,,
,Thailand: 15.87003 100.99254,,,,,,
,Thailand: 15.87003 100.99254,,,,,,
,Thailand: 15.87003 100.99254,,,,,,
,Thailand: 15.87003 100.99254,,,,,,
,Thailand: 15.87003 100.99254,,,,,,
,Thailand: 15.87003 100.99254,,,,,,
,Thailand: 15.87003 100.99254,,,,,,
,Thailand: 15.87003 100.99254,,,,,,
,The Bahamas: 25.03428 -77.39628,,,,,Aruba: 12.52111 -69.96834,Anguilla: 18.22055 -63.06862
,The Gambia: 13.44318 -15.31014,,,,,,
,The Gambia: 13.44318 -15.31014,,,,,,
,The Gambia: 13.44318 -15.31014,,,,,,
,The Gambia: 13.44318 -15.31014,,,,,United Kingdom: 55.37805 -3.43597,
,The Gambia: 13.44318 -15.31014,,,,,,
,The Netherlands: 52.13263 5.29127,,,,,,
,Timor-Leste: -8.87422 125.72754,,,,,,
,Timor-Leste: -8.87422 125.72754,,,,,,
,Timor-Leste: -8.87422 125.72754,,,,,,
,Togo: 8.61954 0.82478,,,,,,
,Togo: 8.61954 0.82478,,,,,,
,Togo: 8.61954 0.82478,,,,,,
,Togo: 8.61954 0.82478,,,,,,
,Tonga: -21.17899 -175.19824,,,,,,
,Tunisia: 33.88692 9.53750,,,,,,
,Tunisia: 33.88692 9.53750,,,,,,
,Tunisia: 33.88692 9.53750,,,,,,
,Tunisia: 33.88692 9.53750,,,,,,
,Tunisia: 33.88692 9.53750,,,,,,
,Turkey: 38.96375 35.24332,,,,,Israel: 31.04605 34.85161,
,Turkey: 38.96375 35.24332,,,,,,
,Turkey: 38.96375 35.24332,,,,,,
,Turkey: 38.96375 35.24332,,,,,,
,Turkey: 38.96375 35.24332,,,,,,
,Turkey: 38.96375 35.24332,,,,,,
,Turkey: 38.96375 35.24332,,,,,,
,Turkey: 38.96375 35.24332,,,,,,
,Turkey: 38.96375 35.24332,,,,,,
,Turkmenistan: 38.96972 59.55628,,Iraq: 33.22319 43.67929,Uzbekistan: 41.37749 64.58526,,,
,Turkmenistan: 38.96972 59.55628,,,,,,
,Turkmenistan: 38.96972 59.55628,,,,,,
,Turkmenistan: 38.96972 59.55628,,,,,,
,Uganda: 1.37333 32.29028,,,,,,
,Uganda: 1.37333 32.29028,,,,,,
,Uganda: 1.37333 32.29028,,,,,,
,Uganda: 1.37333 32.29028,,,,,,
,Uganda: 1.37333 32.29028,,,,,,
,Uganda: 1.37333 32.29028,,,,,,
,Uganda: 1.37333 32.29028,,,,,,
,Uganda: 1.37333 32.29028,,,,,,
,Uganda: 1.37333 32.29028,,,,,,
,Ukraine: 48.37943 31.16558,,,,,Italy: 41.87194 12.56738,
,Ukraine: 48.37943 31.16558,,,,,,
,Ukraine: 48.37943 31.16558,,,,,,
,Ukraine: 48.37943 31.16558,,,,,,
,Ukraine: 48.37943 31.16558,,,,,,
,United Arab Emirates: 23.42408 53.84782,,,,,,
,United Arab Emirates: 23.42408 53.84782,,,,,,
,United Kingdom: 55.37805 -3.43597,,,,,,
,United States of America: 37.09024 -95.71289,,,,,,
,United States of America: 37.09024 -95.71289,,,,,,
,United States of America: 37.09024 -95.71289,,,,,,
,United States of America: 37.09024 -95.71289,,,,,,
,United States of America: 37.09024 -95.71289,,,,,,
,United States of America: 37.09024 -95.71289,,,,,,
,United States of America: 37.09024 -95.71289,,,,,,
,United States of America: 37.09024 -95.71289,,,,,,
,United States of America: 37.09024 -95.71289,,,,,,
,United States of America: 37.09024 -95.71289,,,,,,
,United States of America: 37.09024 -95.71289,,,,,,
,United States of America: 37.09024 -95.71289,,,,,,
,United States of America: 37.09024 -95.71289,,,,,Colombia: 4.57087 -74.29733,Guyana: 4.86042 -58.93018
,United States of America: 37.09024 -95.71289,,,,,,
,Uruguay: -32.52278 -55.76584,,,,,,
,Uruguay: -32.52278 -55.76584,,,,,,
,Uruguay: -32.52278 -55.76584,,,,,,
,Uruguay: -32.52278 -55.76584,,,,,,
,Uruguay: -32.52278 -55.76584,,,,,,
,Uruguay: -32.52278 -55.76584,,,,,,
,Uzbekistan: 41.37749 64.58526,,,,,,
,Uzbekistan: 41.37749 64.58526,,,,,,
,Uzbekistan: 41.37749 64.58526,,,,,,
,Uzbekistan: 41.37749 64.58526,,,,,,
,Uzbekistan: 41.37749 64.58526,,,,,,
,Uzbekistan: 41.37749 64.58526,,,,,,
,Vanuatu: -15.37671 166.95916,,,,,,
,Vanuatu: -15.37671 166.95916,,,,,,
,Vanuatu: -15.37671 166.95916,,,,,,
,Venezuela: 6.42375 -66.58973,,,,,,
,Venezuela: 6.42375 -66.58973,,,,,,
,Venezuela: 6.42375 -66.58973,,,,,,
,Venezuela: 6.42375 -66.58973,,,,,,
,Venezuela: 6.42375 -66.58973,,,,,,
,Venezuela: 6.42375 -66.58973,,,,,,
,Venezuela: 6.42375 -66.58973,,,,,,
,Venezuela: 6.42375 -66.58973,,,,,,
,Vietnam: 14.05832 108.27720,,,,,,
,Vietnam: 14.05832 108.27720,,,,,,
,Vietnam: 14.05832 108.27720,,,,,,
,Vietnam: 14.05832 108.27720,,,,,,
,Vietnam: 14.05832 108.27720,,,,,,
,Vietnam: 14.05832 108.27720,,,,,,
,Vietnam: 14.05832 108.27720,,,,,,
,Vietnam: 14.05832 108.27720,,,,,,
,Vietnam: 14.05832 108.27720,,,,,,
,Vietnam: 14.05832 108.27720,,,,,,
,Vietnam: 14.05832 108.27720,,,,,,
,Vietnam: 14.05832 108.27720,,,,,,
,Vietnam: 14.05832 108.27720,,,,,,
,Vietnam: 14.05832 108.27720,,,,,,
,Vietnam: 14.05832 108.27720,,,,,,
,Vietnam: 14.05832 108.27720,,,,,,
,Vietnam: 14.05832 108.27720,,,,,,
,Vietnam: 14.05832 108.27720,,,,,,
,Vietnam: 14.05832 108.27720,,,,,,
,Vietnam: 14.05832 108.27720,,,,,,
,Vietnam: 14.05832 108.27720,,,,,,
,Vietnam: 14.05832 108.27720,,,,,,
,Vietnam: 14.05832 108.27720,,,,,,
,Vietnam: 14.05832 108.27720,,,,,,
,Vietnam: 14.05832 108.27720,,,,,,
,Vietnam: 14.05832 108.27720,,,,,,
,Vietnam: 14.05832 108.27720,,,,,,
,Vietnam: 14.05832 108.27720,,,,,,
,Vietnam: 14.05832 108.27720,,,,,,
,West Bank: 31.94657 35.30272,,,,,,
,West Bank: 31.94657 35.30272,,,,,,
,Western Sahara: 24.21553 -12.88583,,,,,,
,Western Sahara: 24.21553 -12.88583,,,,,,
,Yemen: 15.55273 48.51639,,,,,,
,Yemen: 15.55273 48.51639,,,,,,
,Zambia: -13.13390 27.84933,,,,,,
,Zambia: -13.13390 27.84933,,,,,,
,Zambia: -13.13390 27.84933,,,,,,
,Zambia: -13.13390 27.84933,,,,,,
,Zambia: -13.13390 27.84933,,,,,,
,Zimbabwe: -19.01544 29.15486,,,,,,
,Zimbabwe: -19.01544 29.15486,,,,,,
,Zimbabwe: -19.01544 29.15486,,,,,,
,Zimbabwe: -19.01544 29.15486,,,,,,
,Zimbabwe: -19.01544 29.15486,,,,,,
,Zimbabwe: -19.01544 29.15486,,,,,,
,,,,,,Mayotte: -12.82750 45.16624,
,,,,,,Latvia: 56.87964 24.60319,
,,,,,,The Netherlands: 52.13263 5.29127,
,,,,,,Norway: 60.47202 8.46895,
,,,,,,Poland: 51.91944 19.14514,
,,,,,,Slovakia: 48.66903 19.69902,
,,,,,,Spain: 40.46367 -3.74922,
,,,,,,Svalbard and Jan Mayen: 77.55360 23.67027,
,,,,,,Sweden: 60.12816 18.64350,
,,,,,,United Kingdom: 55.37805 -3.43597,
,,,Jordan: 30.58516 36.23841,,,,
,,,Lebanon: 33.9270 35.6951,,,,
,,,West Bank: 31.94657 35.30272,,,,
,,,Syria: 34.80208 38.99681,,,,
,,,Turkey: 38.96375 35.24332,,,,
,,,Belarus: 53.70981 27.95339,Mongolia: 46.86250 103.84666,,,
,,,China: 35.86166 104.19540,,,,
,,,Germany: 51.16569 10.45153,,,,
,,,Kazakhstan: 48.01957 66.92368,,,,
,,,Lithuania: 55.16944 23.88127,,,,
,,,Poland: 51.91944 19.14514,,,,
,,,Russian Federation: 61.52401 105.31876,,,,
,,,Ukraine: 48.37943 31.16558,,,,
,,,Jordan: 30.58516 36.23841,,,,
,,,Kuwait: 29.31166 47.48177,,,,
,,,Kyrgyzstan: 41.20438 74.76610,,,,
,,,Lebanon: 33.9270 35.6951,,,,
,,,Russian Federation: 61.52401 105.31876,,,,
,,,Syria: 34.80208 38.99681,,,,
,,,Tajikistan: 38.86103 71.27609,,,,
,,,Turkey: 38.96375 35.24332,,,,
,,,Canada: 56.13037 -106.34677,Mexico: 19.0000 -99.0000,,,
,,,,United States of America: 37.09024 -95.71289,,,
,,,,,,,Samoa: -13.75903 -172.10463
,,,,,,,Solomon Islands: -9.64571 160.15619
,,,,,,,Tokelau: -9.20020 -171.84840
,,,,,,,Tonga: -21.17899 -175.19824
,,,,,,,Tuvalu: -10.72807 179.47266
,,,,,,,United States Minor Outlying Islands: 5.88062 -162.07592
,,,,,,,Wallis and Futuna: -14.29380 -178.11650
,,,North Korea: 40.33985 127.51009,,,,
,,,South Korea: 35.90776 127.76692,,,,
,,,Taiwan: 23.69781 120.96052,,,,
,,,,,,,Samoa: -13.75903 -172.10463
,,,,,,,Tokelau: -9.20020 -171.84840
,,,,,,,Tuvalu: -10.72807 179.47266
,,,,,,,United States of America: 37.09024 -95.71289
,,,,,,,United States Minor Outlying Islands: 5.88062 -162.07592
,,,,,,,Wallis and Futuna: -14.29380 -178.11650
,,,,,,Mozambique: -18.66569 35.52956,Cocos Islands: -12.1167 96.9000
,,,,,,South Africa: -30.55948 22.93751,Sri Lanka: 7.87305 80.77180
,,,,,,Curaçao: 12.1833 -69.0000,Honduras: 15.20000 -86.24191
,,,,,,Jamaica: 18.1315 -77.2736,Montserrat: 16.74250 -62.18737
,,,,,,Nicaragua: 12.86542 -85.20723,Saint Kitts and Nevis: 17.35782 -62.78300
,,,,,,Puerto Rico: 18.22083 -66.59015,Saint Lucia: 13.90944 -60.97889
,,,,,,Sint Maarten: 18.030 -63.0500,Saint Martin: 18.08255 -63.05225
,,,,,,United Kingdom: 55.37805 -3.43597,Saint Vincent and the Grenadines: 13.25338 -61.19625
,,,,,,United States Virgin Islands: 18.33576 -64.89633,Suriname: 3.91931 -56.02778
,,,,,,United States Virgin Islands: 18.33576 -64.89633,Trinidad and Tobago: 10.69180 -61.22250
,,,,,,,Turks and Caicos Islands: 21.69402 -71.79793
,,,,,,,Venezuela: 6.42375 -66.58973
,,Mexico: 19.0000 -99.0000,,,,,